path,symbol_id,latex,user_id
hasy-data/v2-00000.png,31,A,50
hasy-data/v2-00001.png,31,A,10
hasy-data/v2-00002.png,31,A,43
hasy-data/v2-00003.png,31,A,43
hasy-data/v2-00004.png,31,A,4435
hasy-data/v2-00005.png,31,A,5981
hasy-data/v2-00006.png,31,A,5981
hasy-data/v2-00007.png,31,A,5981
hasy-data/v2-00008.png,31,A,5981
hasy-data/v2-00009.png,31,A,5981
hasy-data/v2-00010.png,31,A,5981
hasy-data/v2-00011.png,31,A,5981
hasy-data/v2-00012.png,31,A,5981
hasy-data/v2-00013.png,31,A,5981
hasy-data/v2-00014.png,31,A,5981
hasy-data/v2-00015.png,31,A,5981
hasy-data/v2-00016.png,31,A,8071
hasy-data/v2-00017.png,31,A,9505
hasy-data/v2-00018.png,31,A,16925
hasy-data/v2-00019.png,31,A,16925
hasy-data/v2-00020.png,31,A,16925
hasy-data/v2-00021.png,31,A,16925
hasy-data/v2-00022.png,32,B,50
hasy-data/v2-00023.png,32,B,4435
hasy-data/v2-00024.png,32,B,5944
hasy-data/v2-00025.png,32,B,7841
hasy-data/v2-00026.png,32,B,7841
hasy-data/v2-00027.png,32,B,7841
hasy-data/v2-00028.png,32,B,7841
hasy-data/v2-00029.png,32,B,10
hasy-data/v2-00030.png,33,C,10
hasy-data/v2-00031.png,33,C,10
hasy-data/v2-00032.png,33,C,10
hasy-data/v2-00033.png,33,C,10
hasy-data/v2-00034.png,33,C,10
hasy-data/v2-00035.png,33,C,10
hasy-data/v2-00036.png,33,C,35
hasy-data/v2-00037.png,33,C,35
hasy-data/v2-00038.png,33,C,50
hasy-data/v2-00039.png,33,C,8457
hasy-data/v2-00040.png,33,C,6483
hasy-data/v2-00041.png,33,C,9505
hasy-data/v2-00042.png,33,C,13499
hasy-data/v2-00043.png,33,C,16925
hasy-data/v2-00044.png,34,D,4435
hasy-data/v2-00045.png,34,D,5944
hasy-data/v2-00046.png,34,D,4142
hasy-data/v2-00047.png,34,D,6188
hasy-data/v2-00048.png,34,D,6483
hasy-data/v2-00049.png,34,D,9017
hasy-data/v2-00050.png,34,D,9283
hasy-data/v2-00051.png,34,D,16925
hasy-data/v2-00052.png,35,E,1710
hasy-data/v2-00053.png,35,E,5944
hasy-data/v2-00054.png,35,E,5879
hasy-data/v2-00055.png,35,E,6567
hasy-data/v2-00056.png,35,E,6672
hasy-data/v2-00057.png,35,E,9505
hasy-data/v2-00058.png,36,F,48
hasy-data/v2-00059.png,36,F,1710
hasy-data/v2-00060.png,36,F,4435
hasy-data/v2-00061.png,36,F,6643
hasy-data/v2-00062.png,36,F,7052
hasy-data/v2-00063.png,36,F,8633
hasy-data/v2-00064.png,37,G,10
hasy-data/v2-00065.png,37,G,10
hasy-data/v2-00066.png,37,G,10
hasy-data/v2-00067.png,37,G,10
hasy-data/v2-00068.png,37,G,10
hasy-data/v2-00069.png,37,G,10
hasy-data/v2-00070.png,37,G,10
hasy-data/v2-00071.png,37,G,46
hasy-data/v2-00072.png,37,G,6483
hasy-data/v2-00073.png,37,G,7052
hasy-data/v2-00074.png,37,G,9017
hasy-data/v2-00075.png,37,G,9505
hasy-data/v2-00076.png,38,H,48
hasy-data/v2-00077.png,38,H,7045
hasy-data/v2-00078.png,38,H,1696
hasy-data/v2-00079.png,38,H,9153
hasy-data/v2-00080.png,38,H,9499
hasy-data/v2-00081.png,38,H,10
hasy-data/v2-00082.png,38,H,10
hasy-data/v2-00083.png,39,I,10
hasy-data/v2-00084.png,39,I,10
hasy-data/v2-00085.png,39,I,10
hasy-data/v2-00086.png,39,I,10
hasy-data/v2-00087.png,39,I,3328
hasy-data/v2-00088.png,39,I,8457
hasy-data/v2-00089.png,39,I,8633
hasy-data/v2-00090.png,39,I,15
hasy-data/v2-00091.png,39,I,8486
hasy-data/v2-00092.png,39,I,8486
hasy-data/v2-00093.png,40,J,23
hasy-data/v2-00094.png,40,J,10
hasy-data/v2-00095.png,40,J,10
hasy-data/v2-00096.png,40,J,10
hasy-data/v2-00097.png,40,J,10
hasy-data/v2-00098.png,40,J,10
hasy-data/v2-00099.png,40,J,10
hasy-data/v2-00100.png,40,J,10
hasy-data/v2-00101.png,40,J,10
hasy-data/v2-00102.png,40,J,9218
hasy-data/v2-00103.png,40,J,9283
hasy-data/v2-00104.png,41,K,10
hasy-data/v2-00105.png,41,K,10
hasy-data/v2-00106.png,41,K,10
hasy-data/v2-00107.png,41,K,10
hasy-data/v2-00108.png,41,K,10
hasy-data/v2-00109.png,41,K,6037
hasy-data/v2-00110.png,41,K,4142
hasy-data/v2-00111.png,41,K,6483
hasy-data/v2-00112.png,41,K,6672
hasy-data/v2-00113.png,41,K,8486
hasy-data/v2-00114.png,41,K,8486
hasy-data/v2-00115.png,42,L,10
hasy-data/v2-00116.png,42,L,40
hasy-data/v2-00117.png,42,L,10
hasy-data/v2-00118.png,42,L,50
hasy-data/v2-00119.png,42,L,10
hasy-data/v2-00120.png,42,L,59
hasy-data/v2-00121.png,42,L,10
hasy-data/v2-00122.png,42,L,10
hasy-data/v2-00123.png,42,L,6483
hasy-data/v2-00124.png,42,L,1696
hasy-data/v2-00125.png,42,L,15
hasy-data/v2-00126.png,43,M,15
hasy-data/v2-00127.png,43,M,10
hasy-data/v2-00128.png,43,M,10
hasy-data/v2-00129.png,43,M,10
hasy-data/v2-00130.png,43,M,10
hasy-data/v2-00131.png,43,M,10
hasy-data/v2-00132.png,43,M,10
hasy-data/v2-00133.png,43,M,10
hasy-data/v2-00134.png,43,M,50
hasy-data/v2-00135.png,43,M,6643
hasy-data/v2-00136.png,43,M,7052
hasy-data/v2-00137.png,43,M,9283
hasy-data/v2-00138.png,44,N,40
hasy-data/v2-00139.png,44,N,10
hasy-data/v2-00140.png,44,N,59
hasy-data/v2-00141.png,44,N,10
hasy-data/v2-00142.png,44,N,10
hasy-data/v2-00143.png,44,N,10
hasy-data/v2-00144.png,44,N,10
hasy-data/v2-00145.png,44,N,10
hasy-data/v2-00146.png,44,N,10
hasy-data/v2-00147.png,44,N,6662
hasy-data/v2-00148.png,44,N,7052
hasy-data/v2-00149.png,45,O,10
hasy-data/v2-00150.png,45,O,10
hasy-data/v2-00151.png,45,O,10
hasy-data/v2-00152.png,45,O,44
hasy-data/v2-00153.png,45,O,10
hasy-data/v2-00154.png,45,O,10
hasy-data/v2-00155.png,45,O,10
hasy-data/v2-00156.png,45,O,6662
hasy-data/v2-00157.png,45,O,6672
hasy-data/v2-00158.png,46,P,10
hasy-data/v2-00159.png,46,P,4142
hasy-data/v2-00160.png,46,P,10
hasy-data/v2-00161.png,46,P,6567
hasy-data/v2-00162.png,46,P,8633
hasy-data/v2-00163.png,46,P,9283
hasy-data/v2-00164.png,46,P,50
hasy-data/v2-00165.png,46,P,15
hasy-data/v2-00166.png,47,Q,10
hasy-data/v2-00167.png,47,Q,10
hasy-data/v2-00168.png,47,Q,10
hasy-data/v2-00169.png,47,Q,10
hasy-data/v2-00170.png,47,Q,8457
hasy-data/v2-00171.png,47,Q,9017
hasy-data/v2-00172.png,47,Q,9283
hasy-data/v2-00173.png,48,R,10
hasy-data/v2-00174.png,48,R,4142
hasy-data/v2-00175.png,48,R,6288
hasy-data/v2-00176.png,48,R,10
hasy-data/v2-00177.png,48,R,10
hasy-data/v2-00178.png,48,R,10
hasy-data/v2-00179.png,48,R,10
hasy-data/v2-00180.png,48,R,10
hasy-data/v2-00181.png,48,R,1696
hasy-data/v2-00182.png,49,S,10
hasy-data/v2-00183.png,49,S,10
hasy-data/v2-00184.png,49,S,10
hasy-data/v2-00185.png,49,S,4142
hasy-data/v2-00186.png,49,S,6288
hasy-data/v2-00187.png,49,S,6567
hasy-data/v2-00188.png,49,S,7045
hasy-data/v2-00189.png,50,T,10
hasy-data/v2-00190.png,50,T,10
hasy-data/v2-00191.png,50,T,6567
hasy-data/v2-00192.png,50,T,8633
hasy-data/v2-00193.png,50,T,9505
hasy-data/v2-00194.png,50,T,15
hasy-data/v2-00195.png,51,U,10
hasy-data/v2-00196.png,51,U,10
hasy-data/v2-00197.png,51,U,59
hasy-data/v2-00198.png,51,U,6567
hasy-data/v2-00199.png,51,U,6483
hasy-data/v2-00200.png,51,U,6483
hasy-data/v2-00201.png,52,V,15
hasy-data/v2-00202.png,52,V,6483
hasy-data/v2-00203.png,52,V,6662
hasy-data/v2-00204.png,52,V,8457
hasy-data/v2-00205.png,52,V,9017
hasy-data/v2-00206.png,52,V,15
hasy-data/v2-00207.png,53,W,10
hasy-data/v2-00208.png,53,W,40
hasy-data/v2-00209.png,53,W,10
hasy-data/v2-00210.png,53,W,3530
hasy-data/v2-00211.png,53,W,9283
hasy-data/v2-00212.png,53,W,17324
hasy-data/v2-00213.png,54,X,48
hasy-data/v2-00214.png,54,X,10
hasy-data/v2-00215.png,54,X,6483
hasy-data/v2-00216.png,54,X,1696
hasy-data/v2-00217.png,54,X,15
hasy-data/v2-00218.png,54,X,16925
hasy-data/v2-00219.png,55,Y,10
hasy-data/v2-00220.png,55,Y,10
hasy-data/v2-00221.png,55,Y,4142
hasy-data/v2-00222.png,55,Y,6483
hasy-data/v2-00223.png,55,Y,6483
hasy-data/v2-00224.png,55,Y,9017
hasy-data/v2-00225.png,56,Z,10
hasy-data/v2-00226.png,56,Z,50
hasy-data/v2-00227.png,56,Z,59
hasy-data/v2-00228.png,56,Z,6662
hasy-data/v2-00229.png,56,Z,6933
hasy-data/v2-00230.png,56,Z,8486
hasy-data/v2-00231.png,56,Z,8633
hasy-data/v2-00232.png,56,Z,17324
hasy-data/v2-00345.png,70,0,10
hasy-data/v2-00346.png,70,0,31
hasy-data/v2-00347.png,70,0,10
hasy-data/v2-00348.png,70,0,10
hasy-data/v2-00349.png,70,0,10
hasy-data/v2-00350.png,70,0,10
hasy-data/v2-00351.png,70,0,517
hasy-data/v2-00352.png,70,0,1001
hasy-data/v2-00353.png,70,0,5879
hasy-data/v2-00354.png,70,0,6902
hasy-data/v2-00355.png,70,0,8071
hasy-data/v2-00356.png,70,0,8486
hasy-data/v2-00357.png,70,0,9224
hasy-data/v2-00358.png,71,1,10
hasy-data/v2-00359.png,71,1,28
hasy-data/v2-00360.png,71,1,44
hasy-data/v2-00361.png,71,1,10
hasy-data/v2-00362.png,71,1,10
hasy-data/v2-00363.png,71,1,517
hasy-data/v2-00364.png,71,1,4033
hasy-data/v2-00365.png,71,1,5852
hasy-data/v2-00366.png,71,1,6902
hasy-data/v2-00367.png,71,1,7001
hasy-data/v2-00368.png,71,1,8486
hasy-data/v2-00369.png,71,1,8486
hasy-data/v2-00370.png,72,2,53
hasy-data/v2-00371.png,72,2,4435
hasy-data/v2-00372.png,72,2,5879
hasy-data/v2-00373.png,72,2,6483
hasy-data/v2-00374.png,72,2,6567
hasy-data/v2-00375.png,72,2,8071
hasy-data/v2-00376.png,72,2,6483
hasy-data/v2-00377.png,72,2,10
hasy-data/v2-00378.png,72,2,8486
hasy-data/v2-00379.png,72,2,8486
hasy-data/v2-00380.png,72,2,8486
hasy-data/v2-00381.png,72,2,16925
hasy-data/v2-00382.png,73,3,53
hasy-data/v2-00383.png,73,3,10
hasy-data/v2-00384.png,73,3,1710
hasy-data/v2-00385.png,73,3,4033
hasy-data/v2-00386.png,73,3,6483
hasy-data/v2-00387.png,73,3,6483
hasy-data/v2-00388.png,73,3,6483
hasy-data/v2-00389.png,73,3,6483
hasy-data/v2-00390.png,73,3,8457
hasy-data/v2-00391.png,73,3,8632
hasy-data/v2-00392.png,73,3,8754
hasy-data/v2-00393.png,73,3,21606
hasy-data/v2-00394.png,74,4,55
hasy-data/v2-00395.png,74,4,5579
hasy-data/v2-00396.png,74,4,5959
hasy-data/v2-00397.png,74,4,7001
hasy-data/v2-00398.png,74,4,3320
hasy-data/v2-00399.png,74,4,8486
hasy-data/v2-00400.png,74,4,9224
hasy-data/v2-00401.png,75,5,10
hasy-data/v2-00402.png,75,5,5579
hasy-data/v2-00403.png,75,5,6188
hasy-data/v2-00404.png,75,5,6749
hasy-data/v2-00405.png,75,5,6902
hasy-data/v2-00406.png,75,5,7957
hasy-data/v2-00407.png,75,5,9017
hasy-data/v2-00408.png,75,5,21606
hasy-data/v2-00409.png,76,6,40
hasy-data/v2-00410.png,76,6,47
hasy-data/v2-00411.png,76,6,10
hasy-data/v2-00412.png,76,6,10
hasy-data/v2-00413.png,76,6,517
hasy-data/v2-00414.png,76,6,10
hasy-data/v2-00415.png,76,6,7001
hasy-data/v2-00416.png,76,6,7001
hasy-data/v2-00417.png,76,6,8633
hasy-data/v2-00418.png,76,6,8486
hasy-data/v2-00419.png,77,7,47
hasy-data/v2-00420.png,77,7,10
hasy-data/v2-00421.png,77,7,10
hasy-data/v2-00422.png,77,7,4033
hasy-data/v2-00423.png,77,7,5579
hasy-data/v2-00424.png,77,7,5877
hasy-data/v2-00425.png,77,7,6483
hasy-data/v2-00426.png,77,7,6958
hasy-data/v2-00427.png,77,7,8324
hasy-data/v2-00428.png,78,8,23
hasy-data/v2-00429.png,78,8,28
hasy-data/v2-00430.png,78,8,34
hasy-data/v2-00431.png,78,8,53
hasy-data/v2-00432.png,78,8,10
hasy-data/v2-00433.png,78,8,5934
hasy-data/v2-00434.png,78,8,8486
hasy-data/v2-00435.png,78,8,8754
hasy-data/v2-00436.png,78,8,9224
hasy-data/v2-00437.png,78,8,10
hasy-data/v2-00438.png,78,8,8486
hasy-data/v2-00439.png,78,8,8486
hasy-data/v2-00440.png,79,9,10
hasy-data/v2-00441.png,79,9,55
hasy-data/v2-00442.png,79,9,10
hasy-data/v2-00443.png,79,9,5579
hasy-data/v2-00444.png,79,9,6188
hasy-data/v2-00445.png,79,9,3320
hasy-data/v2-00446.png,79,9,8486
hasy-data/v2-00447.png,79,9,9017
hasy-data/v2-00448.png,79,9,21606
hasy-data/v2-17074.png,31,A,34
hasy-data/v2-17075.png,31,A,46
hasy-data/v2-17076.png,31,A,47
hasy-data/v2-17077.png,31,A,48
hasy-data/v2-17078.png,31,A,46
hasy-data/v2-17079.png,31,A,50
hasy-data/v2-17080.png,31,A,59
hasy-data/v2-17081.png,31,A,10
hasy-data/v2-17082.png,31,A,10
hasy-data/v2-17083.png,31,A,43
hasy-data/v2-17084.png,31,A,43
hasy-data/v2-17085.png,31,A,43
hasy-data/v2-17086.png,31,A,43
hasy-data/v2-17087.png,31,A,43
hasy-data/v2-17088.png,31,A,43
hasy-data/v2-17089.png,31,A,43
hasy-data/v2-17090.png,31,A,43
hasy-data/v2-17091.png,31,A,10
hasy-data/v2-17092.png,31,A,10
hasy-data/v2-17093.png,31,A,10
hasy-data/v2-17094.png,31,A,180
hasy-data/v2-17095.png,31,A,10
hasy-data/v2-17096.png,31,A,10
hasy-data/v2-17097.png,31,A,10
hasy-data/v2-17098.png,31,A,1661
hasy-data/v2-17099.png,31,A,1661
hasy-data/v2-17100.png,31,A,1710
hasy-data/v2-17101.png,31,A,3328
hasy-data/v2-17102.png,31,A,3328
hasy-data/v2-17103.png,31,A,4435
hasy-data/v2-17104.png,31,A,5877
hasy-data/v2-17105.png,31,A,5944
hasy-data/v2-17106.png,31,A,5981
hasy-data/v2-17107.png,31,A,5981
hasy-data/v2-17108.png,31,A,5981
hasy-data/v2-17109.png,31,A,5981
hasy-data/v2-17110.png,31,A,5981
hasy-data/v2-17111.png,31,A,5981
hasy-data/v2-17112.png,31,A,5981
hasy-data/v2-17113.png,31,A,5981
hasy-data/v2-17114.png,31,A,5981
hasy-data/v2-17115.png,31,A,5981
hasy-data/v2-17116.png,31,A,5981
hasy-data/v2-17117.png,31,A,5981
hasy-data/v2-17118.png,31,A,5981
hasy-data/v2-17119.png,31,A,5981
hasy-data/v2-17120.png,31,A,5981
hasy-data/v2-17121.png,31,A,5981
hasy-data/v2-17122.png,31,A,5981
hasy-data/v2-17123.png,31,A,5981
hasy-data/v2-17124.png,31,A,5981
hasy-data/v2-17125.png,31,A,5981
hasy-data/v2-17126.png,31,A,5981
hasy-data/v2-17127.png,31,A,5981
hasy-data/v2-17128.png,31,A,5981
hasy-data/v2-17129.png,31,A,5981
hasy-data/v2-17130.png,31,A,5981
hasy-data/v2-17131.png,31,A,5981
hasy-data/v2-17132.png,31,A,5981
hasy-data/v2-17133.png,31,A,5981
hasy-data/v2-17134.png,31,A,5981
hasy-data/v2-17135.png,31,A,5981
hasy-data/v2-17136.png,31,A,5981
hasy-data/v2-17137.png,31,A,5981
hasy-data/v2-17138.png,31,A,5981
hasy-data/v2-17139.png,31,A,5981
hasy-data/v2-17140.png,31,A,5981
hasy-data/v2-17141.png,31,A,5981
hasy-data/v2-17142.png,31,A,5981
hasy-data/v2-17143.png,31,A,5981
hasy-data/v2-17144.png,31,A,5981
hasy-data/v2-17145.png,31,A,5981
hasy-data/v2-17146.png,31,A,5981
hasy-data/v2-17147.png,31,A,5981
hasy-data/v2-17148.png,31,A,5981
hasy-data/v2-17149.png,31,A,5981
hasy-data/v2-17150.png,31,A,5981
hasy-data/v2-17151.png,31,A,5981
hasy-data/v2-17152.png,31,A,5981
hasy-data/v2-17153.png,31,A,4142
hasy-data/v2-17154.png,31,A,6188
hasy-data/v2-17155.png,31,A,5879
hasy-data/v2-17156.png,31,A,6567
hasy-data/v2-17157.png,31,A,6483
hasy-data/v2-17158.png,31,A,6672
hasy-data/v2-17159.png,31,A,6933
hasy-data/v2-17160.png,31,A,7052
hasy-data/v2-17161.png,31,A,7052
hasy-data/v2-17162.png,31,A,7052
hasy-data/v2-17163.png,31,A,1696
hasy-data/v2-17164.png,31,A,1696
hasy-data/v2-17165.png,31,A,7940
hasy-data/v2-17166.png,31,A,7940
hasy-data/v2-17167.png,31,A,7940
hasy-data/v2-17168.png,31,A,8099
hasy-data/v2-17169.png,31,A,8099
hasy-data/v2-17170.png,31,A,8261
hasy-data/v2-17171.png,31,A,8261
hasy-data/v2-17172.png,31,A,8261
hasy-data/v2-17173.png,31,A,8348
hasy-data/v2-17174.png,31,A,8348
hasy-data/v2-17175.png,31,A,8457
hasy-data/v2-17176.png,31,A,8457
hasy-data/v2-17177.png,31,A,8486
hasy-data/v2-17178.png,31,A,8633
hasy-data/v2-17179.png,31,A,9017
hasy-data/v2-17180.png,31,A,9283
hasy-data/v2-17181.png,31,A,9283
hasy-data/v2-17182.png,31,A,9505
hasy-data/v2-17183.png,31,A,9505
hasy-data/v2-17184.png,31,A,5879
hasy-data/v2-17185.png,31,A,5879
hasy-data/v2-17186.png,31,A,16925
hasy-data/v2-17187.png,31,A,16925
hasy-data/v2-17188.png,31,A,16925
hasy-data/v2-17189.png,31,A,16925
hasy-data/v2-17190.png,31,A,16925
hasy-data/v2-17191.png,31,A,16925
hasy-data/v2-17192.png,31,A,16925
hasy-data/v2-17193.png,31,A,16925
hasy-data/v2-17194.png,31,A,16925
hasy-data/v2-17195.png,31,A,16925
hasy-data/v2-17196.png,31,A,16925
hasy-data/v2-17197.png,31,A,16925
hasy-data/v2-17198.png,31,A,16925
hasy-data/v2-17199.png,31,A,33080
hasy-data/v2-17200.png,31,A,10
hasy-data/v2-17201.png,31,A,4142
hasy-data/v2-17202.png,31,A,59154
hasy-data/v2-17203.png,31,A,10
hasy-data/v2-17204.png,31,A,97301
hasy-data/v2-17205.png,31,A,101296
hasy-data/v2-17206.png,31,A,116471
hasy-data/v2-17207.png,31,A,117123
hasy-data/v2-17208.png,31,A,117684
hasy-data/v2-17209.png,31,A,117684
hasy-data/v2-17210.png,31,A,125926
hasy-data/v2-17211.png,32,B,15
hasy-data/v2-17212.png,32,B,48
hasy-data/v2-17213.png,32,B,59
hasy-data/v2-17214.png,32,B,1710
hasy-data/v2-17215.png,32,B,4435
hasy-data/v2-17216.png,32,B,5877
hasy-data/v2-17217.png,32,B,4142
hasy-data/v2-17218.png,32,B,6188
hasy-data/v2-17219.png,32,B,5879
hasy-data/v2-17220.png,32,B,6498
hasy-data/v2-17221.png,32,B,6567
hasy-data/v2-17222.png,32,B,6483
hasy-data/v2-17223.png,32,B,6483
hasy-data/v2-17224.png,32,B,6483
hasy-data/v2-17225.png,32,B,6643
hasy-data/v2-17226.png,32,B,6662
hasy-data/v2-17227.png,32,B,6672
hasy-data/v2-17228.png,32,B,6483
hasy-data/v2-17229.png,32,B,6483
hasy-data/v2-17230.png,32,B,6483
hasy-data/v2-17231.png,32,B,5879
hasy-data/v2-17232.png,32,B,7052
hasy-data/v2-17233.png,32,B,7637
hasy-data/v2-17234.png,32,B,1696
hasy-data/v2-17235.png,32,B,7841
hasy-data/v2-17236.png,32,B,7841
hasy-data/v2-17237.png,32,B,7841
hasy-data/v2-17238.png,32,B,7841
hasy-data/v2-17239.png,32,B,7841
hasy-data/v2-17240.png,32,B,7841
hasy-data/v2-17241.png,32,B,7841
hasy-data/v2-17242.png,32,B,7841
hasy-data/v2-17243.png,32,B,7841
hasy-data/v2-17244.png,32,B,7841
hasy-data/v2-17245.png,32,B,7841
hasy-data/v2-17246.png,32,B,7841
hasy-data/v2-17247.png,32,B,10
hasy-data/v2-17248.png,32,B,10
hasy-data/v2-17249.png,32,B,10
hasy-data/v2-17250.png,32,B,8457
hasy-data/v2-17251.png,32,B,8486
hasy-data/v2-17252.png,32,B,8633
hasy-data/v2-17253.png,32,B,9017
hasy-data/v2-17254.png,32,B,9283
hasy-data/v2-17255.png,32,B,9505
hasy-data/v2-17256.png,32,B,16925
hasy-data/v2-17257.png,32,B,16925
hasy-data/v2-17258.png,32,B,16925
hasy-data/v2-17259.png,32,B,59154
hasy-data/v2-17260.png,32,B,101298
hasy-data/v2-17261.png,32,B,116471
hasy-data/v2-17262.png,32,B,125926
hasy-data/v2-17263.png,32,B,128674
hasy-data/v2-17264.png,33,C,10
hasy-data/v2-17265.png,33,C,10
hasy-data/v2-17266.png,33,C,10
hasy-data/v2-17267.png,33,C,10
hasy-data/v2-17268.png,33,C,10
hasy-data/v2-17269.png,33,C,10
hasy-data/v2-17270.png,33,C,10
hasy-data/v2-17271.png,33,C,10
hasy-data/v2-17272.png,33,C,10
hasy-data/v2-17273.png,33,C,10
hasy-data/v2-17274.png,33,C,10
hasy-data/v2-17275.png,33,C,10
hasy-data/v2-17276.png,33,C,10
hasy-data/v2-17277.png,33,C,10
hasy-data/v2-17278.png,33,C,15
hasy-data/v2-17279.png,33,C,15
hasy-data/v2-17280.png,33,C,10
hasy-data/v2-17281.png,33,C,10
hasy-data/v2-17282.png,33,C,10
hasy-data/v2-17283.png,33,C,10
hasy-data/v2-17284.png,33,C,10
hasy-data/v2-17285.png,33,C,10
hasy-data/v2-17286.png,33,C,10
hasy-data/v2-17287.png,33,C,10
hasy-data/v2-17288.png,33,C,10
hasy-data/v2-17289.png,33,C,10
hasy-data/v2-17290.png,33,C,10
hasy-data/v2-17291.png,33,C,10
hasy-data/v2-17292.png,33,C,10
hasy-data/v2-17293.png,33,C,10
hasy-data/v2-17294.png,33,C,10
hasy-data/v2-17295.png,33,C,10
hasy-data/v2-17296.png,33,C,10
hasy-data/v2-17297.png,33,C,10
hasy-data/v2-17298.png,33,C,10
hasy-data/v2-17299.png,33,C,10
hasy-data/v2-17300.png,33,C,10
hasy-data/v2-17301.png,33,C,10
hasy-data/v2-17302.png,33,C,10
hasy-data/v2-17303.png,33,C,10
hasy-data/v2-17304.png,33,C,10
hasy-data/v2-17305.png,33,C,10
hasy-data/v2-17306.png,33,C,10
hasy-data/v2-17307.png,33,C,10
hasy-data/v2-17308.png,33,C,10
hasy-data/v2-17309.png,33,C,10
hasy-data/v2-17310.png,33,C,10
hasy-data/v2-17311.png,33,C,10
hasy-data/v2-17312.png,33,C,10
hasy-data/v2-17313.png,33,C,10
hasy-data/v2-17314.png,33,C,10
hasy-data/v2-17315.png,33,C,10
hasy-data/v2-17316.png,33,C,23
hasy-data/v2-17317.png,33,C,10
hasy-data/v2-17318.png,33,C,10
hasy-data/v2-17319.png,33,C,34
hasy-data/v2-17320.png,33,C,35
hasy-data/v2-17321.png,33,C,40
hasy-data/v2-17322.png,33,C,35
hasy-data/v2-17323.png,33,C,35
hasy-data/v2-17324.png,33,C,35
hasy-data/v2-17325.png,33,C,35
hasy-data/v2-17326.png,33,C,35
hasy-data/v2-17327.png,33,C,35
hasy-data/v2-17328.png,33,C,35
hasy-data/v2-17329.png,33,C,35
hasy-data/v2-17330.png,33,C,35
hasy-data/v2-17331.png,33,C,35
hasy-data/v2-17332.png,33,C,35
hasy-data/v2-17333.png,33,C,35
hasy-data/v2-17334.png,33,C,35
hasy-data/v2-17335.png,33,C,35
hasy-data/v2-17336.png,33,C,35
hasy-data/v2-17337.png,33,C,35
hasy-data/v2-17338.png,33,C,35
hasy-data/v2-17339.png,33,C,35
hasy-data/v2-17340.png,33,C,35
hasy-data/v2-17341.png,33,C,35
hasy-data/v2-17342.png,33,C,35
hasy-data/v2-17343.png,33,C,35
hasy-data/v2-17344.png,33,C,35
hasy-data/v2-17345.png,33,C,35
hasy-data/v2-17346.png,33,C,35
hasy-data/v2-17347.png,33,C,35
hasy-data/v2-17348.png,33,C,35
hasy-data/v2-17349.png,33,C,44
hasy-data/v2-17350.png,33,C,46
hasy-data/v2-17351.png,33,C,48
hasy-data/v2-17352.png,33,C,59
hasy-data/v2-17353.png,33,C,92
hasy-data/v2-17354.png,33,C,1710
hasy-data/v2-17355.png,33,C,3530
hasy-data/v2-17356.png,33,C,4435
hasy-data/v2-17357.png,33,C,5877
hasy-data/v2-17358.png,33,C,5944
hasy-data/v2-17359.png,33,C,4142
hasy-data/v2-17360.png,33,C,6188
hasy-data/v2-17361.png,33,C,5879
hasy-data/v2-17362.png,33,C,6567
hasy-data/v2-17363.png,33,C,6483
hasy-data/v2-17364.png,33,C,6672
hasy-data/v2-17365.png,33,C,10
hasy-data/v2-17366.png,33,C,7052
hasy-data/v2-17367.png,33,C,1696
hasy-data/v2-17368.png,33,C,8486
hasy-data/v2-17369.png,33,C,8633
hasy-data/v2-17370.png,33,C,9017
hasy-data/v2-17371.png,33,C,9283
hasy-data/v2-17372.png,33,C,13499
hasy-data/v2-17373.png,33,C,13499
hasy-data/v2-17374.png,33,C,13499
hasy-data/v2-17375.png,33,C,13499
hasy-data/v2-17376.png,33,C,16925
hasy-data/v2-17377.png,33,C,16925
hasy-data/v2-17378.png,33,C,16925
hasy-data/v2-17379.png,33,C,16925
hasy-data/v2-17380.png,33,C,59154
hasy-data/v2-17381.png,33,C,101299
hasy-data/v2-17382.png,33,C,116471
hasy-data/v2-17383.png,33,C,125926
hasy-data/v2-17384.png,34,D,48
hasy-data/v2-17385.png,34,D,50
hasy-data/v2-17386.png,34,D,59
hasy-data/v2-17387.png,34,D,43
hasy-data/v2-17388.png,34,D,1710
hasy-data/v2-17389.png,34,D,5877
hasy-data/v2-17390.png,34,D,5879
hasy-data/v2-17391.png,34,D,6567
hasy-data/v2-17392.png,34,D,6567
hasy-data/v2-17393.png,34,D,6643
hasy-data/v2-17394.png,34,D,6662
hasy-data/v2-17395.png,34,D,6672
hasy-data/v2-17396.png,34,D,6958
hasy-data/v2-17397.png,34,D,6483
hasy-data/v2-17398.png,34,D,7045
hasy-data/v2-17399.png,34,D,7052
hasy-data/v2-17400.png,34,D,1696
hasy-data/v2-17401.png,34,D,8082
hasy-data/v2-17402.png,34,D,10
hasy-data/v2-17403.png,34,D,8457
hasy-data/v2-17404.png,34,D,8486
hasy-data/v2-17405.png,34,D,8486
hasy-data/v2-17406.png,34,D,8633
hasy-data/v2-17407.png,34,D,9224
hasy-data/v2-17408.png,34,D,9505
hasy-data/v2-17409.png,34,D,50
hasy-data/v2-17410.png,34,D,15
hasy-data/v2-17411.png,34,D,8486
hasy-data/v2-17412.png,34,D,8486
hasy-data/v2-17413.png,34,D,8486
hasy-data/v2-17414.png,34,D,8486
hasy-data/v2-17415.png,34,D,8486
hasy-data/v2-17416.png,34,D,16925
hasy-data/v2-17417.png,34,D,10
hasy-data/v2-17418.png,34,D,10
hasy-data/v2-17419.png,34,D,10
hasy-data/v2-17420.png,34,D,10
hasy-data/v2-17421.png,34,D,10
hasy-data/v2-17422.png,34,D,10
hasy-data/v2-17423.png,34,D,10
hasy-data/v2-17424.png,34,D,10
hasy-data/v2-17425.png,34,D,10
hasy-data/v2-17426.png,34,D,10
hasy-data/v2-17427.png,34,D,10
hasy-data/v2-17428.png,34,D,59154
hasy-data/v2-17429.png,34,D,96167
hasy-data/v2-17430.png,34,D,101301
hasy-data/v2-17431.png,34,D,116471
hasy-data/v2-17432.png,34,D,125926
hasy-data/v2-17433.png,34,D,126638
hasy-data/v2-17434.png,35,E,48
hasy-data/v2-17435.png,35,E,50
hasy-data/v2-17436.png,35,E,59
hasy-data/v2-17437.png,35,E,229
hasy-data/v2-17438.png,35,E,3320
hasy-data/v2-17439.png,35,E,4435
hasy-data/v2-17440.png,35,E,5822
hasy-data/v2-17441.png,35,E,5877
hasy-data/v2-17442.png,35,E,4142
hasy-data/v2-17443.png,35,E,6188
hasy-data/v2-17444.png,35,E,6483
hasy-data/v2-17445.png,35,E,6640
hasy-data/v2-17446.png,35,E,6643
hasy-data/v2-17447.png,35,E,6662
hasy-data/v2-17448.png,35,E,7052
hasy-data/v2-17449.png,35,E,10
hasy-data/v2-17450.png,35,E,1696
hasy-data/v2-17451.png,35,E,8457
hasy-data/v2-17452.png,35,E,8486
hasy-data/v2-17453.png,35,E,8633
hasy-data/v2-17454.png,35,E,9017
hasy-data/v2-17455.png,35,E,9283
hasy-data/v2-17456.png,35,E,16925
hasy-data/v2-17457.png,35,E,16925
hasy-data/v2-17458.png,35,E,10
hasy-data/v2-17459.png,35,E,10
hasy-data/v2-17460.png,35,E,10
hasy-data/v2-17461.png,35,E,10
hasy-data/v2-17462.png,35,E,10
hasy-data/v2-17463.png,35,E,10
hasy-data/v2-17464.png,35,E,10
hasy-data/v2-17465.png,35,E,10
hasy-data/v2-17466.png,35,E,10
hasy-data/v2-17467.png,35,E,10
hasy-data/v2-17468.png,35,E,10
hasy-data/v2-17469.png,35,E,10
hasy-data/v2-17470.png,35,E,10
hasy-data/v2-17471.png,35,E,10
hasy-data/v2-17472.png,35,E,10
hasy-data/v2-17473.png,35,E,10
hasy-data/v2-17474.png,35,E,10
hasy-data/v2-17475.png,35,E,10
hasy-data/v2-17476.png,35,E,10
hasy-data/v2-17477.png,35,E,10
hasy-data/v2-17478.png,35,E,59154
hasy-data/v2-17479.png,35,E,101304
hasy-data/v2-17480.png,35,E,116471
hasy-data/v2-17481.png,35,E,125926
hasy-data/v2-17482.png,36,F,46
hasy-data/v2-17483.png,36,F,50
hasy-data/v2-17484.png,36,F,59
hasy-data/v2-17485.png,36,F,3320
hasy-data/v2-17486.png,36,F,3320
hasy-data/v2-17487.png,36,F,5275
hasy-data/v2-17488.png,36,F,5877
hasy-data/v2-17489.png,36,F,5944
hasy-data/v2-17490.png,36,F,4142
hasy-data/v2-17491.png,36,F,6188
hasy-data/v2-17492.png,36,F,5879
hasy-data/v2-17493.png,36,F,6498
hasy-data/v2-17494.png,36,F,6567
hasy-data/v2-17495.png,36,F,6483
hasy-data/v2-17496.png,36,F,6483
hasy-data/v2-17497.png,36,F,6640
hasy-data/v2-17498.png,36,F,6662
hasy-data/v2-17499.png,36,F,6672
hasy-data/v2-17500.png,36,F,7052
hasy-data/v2-17501.png,36,F,7052
hasy-data/v2-17502.png,36,F,7052
hasy-data/v2-17503.png,36,F,7052
hasy-data/v2-17504.png,36,F,7052
hasy-data/v2-17505.png,36,F,7052
hasy-data/v2-17506.png,36,F,7052
hasy-data/v2-17507.png,36,F,7052
hasy-data/v2-17508.png,36,F,7052
hasy-data/v2-17509.png,36,F,7052
hasy-data/v2-17510.png,36,F,7052
hasy-data/v2-17511.png,36,F,1696
hasy-data/v2-17512.png,36,F,8457
hasy-data/v2-17513.png,36,F,8486
hasy-data/v2-17514.png,36,F,9017
hasy-data/v2-17515.png,36,F,9283
hasy-data/v2-17516.png,36,F,9505
hasy-data/v2-17517.png,36,F,10
hasy-data/v2-17518.png,36,F,10
hasy-data/v2-17519.png,36,F,10
hasy-data/v2-17520.png,36,F,10
hasy-data/v2-17521.png,36,F,10
hasy-data/v2-17522.png,36,F,10
hasy-data/v2-17523.png,36,F,10
hasy-data/v2-17524.png,36,F,10
hasy-data/v2-17525.png,36,F,10
hasy-data/v2-17526.png,36,F,10
hasy-data/v2-17527.png,36,F,10
hasy-data/v2-17528.png,36,F,59154
hasy-data/v2-17529.png,36,F,101307
hasy-data/v2-17530.png,36,F,116471
hasy-data/v2-17531.png,36,F,125926
hasy-data/v2-17532.png,37,G,10
hasy-data/v2-17533.png,37,G,10
hasy-data/v2-17534.png,37,G,15
hasy-data/v2-17535.png,37,G,10
hasy-data/v2-17536.png,37,G,10
hasy-data/v2-17537.png,37,G,10
hasy-data/v2-17538.png,37,G,10
hasy-data/v2-17539.png,37,G,10
hasy-data/v2-17540.png,37,G,10
hasy-data/v2-17541.png,37,G,10
hasy-data/v2-17542.png,37,G,10
hasy-data/v2-17543.png,37,G,10
hasy-data/v2-17544.png,37,G,10
hasy-data/v2-17545.png,37,G,10
hasy-data/v2-17546.png,37,G,10
hasy-data/v2-17547.png,37,G,10
hasy-data/v2-17548.png,37,G,10
hasy-data/v2-17549.png,37,G,10
hasy-data/v2-17550.png,37,G,10
hasy-data/v2-17551.png,37,G,10
hasy-data/v2-17552.png,37,G,10
hasy-data/v2-17553.png,37,G,10
hasy-data/v2-17554.png,37,G,10
hasy-data/v2-17555.png,37,G,10
hasy-data/v2-17556.png,37,G,10
hasy-data/v2-17557.png,37,G,10
hasy-data/v2-17558.png,37,G,10
hasy-data/v2-17559.png,37,G,10
hasy-data/v2-17560.png,37,G,10
hasy-data/v2-17561.png,37,G,10
hasy-data/v2-17562.png,37,G,10
hasy-data/v2-17563.png,37,G,10
hasy-data/v2-17564.png,37,G,10
hasy-data/v2-17565.png,37,G,10
hasy-data/v2-17566.png,37,G,10
hasy-data/v2-17567.png,37,G,10
hasy-data/v2-17568.png,37,G,10
hasy-data/v2-17569.png,37,G,10
hasy-data/v2-17570.png,37,G,10
hasy-data/v2-17571.png,37,G,10
hasy-data/v2-17572.png,37,G,10
hasy-data/v2-17573.png,37,G,10
hasy-data/v2-17574.png,37,G,10
hasy-data/v2-17575.png,37,G,10
hasy-data/v2-17576.png,37,G,10
hasy-data/v2-17577.png,37,G,10
hasy-data/v2-17578.png,37,G,10
hasy-data/v2-17579.png,37,G,10
hasy-data/v2-17580.png,37,G,10
hasy-data/v2-17581.png,37,G,10
hasy-data/v2-17582.png,37,G,10
hasy-data/v2-17583.png,37,G,10
hasy-data/v2-17584.png,37,G,10
hasy-data/v2-17585.png,37,G,10
hasy-data/v2-17586.png,37,G,10
hasy-data/v2-17587.png,37,G,10
hasy-data/v2-17588.png,37,G,23
hasy-data/v2-17589.png,37,G,34
hasy-data/v2-17590.png,37,G,40
hasy-data/v2-17591.png,37,G,35
hasy-data/v2-17592.png,37,G,44
hasy-data/v2-17593.png,37,G,44
hasy-data/v2-17594.png,37,G,46
hasy-data/v2-17595.png,37,G,48
hasy-data/v2-17596.png,37,G,50
hasy-data/v2-17597.png,37,G,58
hasy-data/v2-17598.png,37,G,59
hasy-data/v2-17599.png,37,G,43
hasy-data/v2-17600.png,37,G,1710
hasy-data/v2-17601.png,37,G,4435
hasy-data/v2-17602.png,37,G,4435
hasy-data/v2-17603.png,37,G,5877
hasy-data/v2-17604.png,37,G,5944
hasy-data/v2-17605.png,37,G,4142
hasy-data/v2-17606.png,37,G,6188
hasy-data/v2-17607.png,37,G,5879
hasy-data/v2-17608.png,37,G,6567
hasy-data/v2-17609.png,37,G,6483
hasy-data/v2-17610.png,37,G,6483
hasy-data/v2-17611.png,37,G,6643
hasy-data/v2-17612.png,37,G,6662
hasy-data/v2-17613.png,37,G,6662
hasy-data/v2-17614.png,37,G,6672
hasy-data/v2-17615.png,37,G,6672
hasy-data/v2-17616.png,37,G,7052
hasy-data/v2-17617.png,37,G,7052
hasy-data/v2-17618.png,37,G,7052
hasy-data/v2-17619.png,37,G,7052
hasy-data/v2-17620.png,37,G,7052
hasy-data/v2-17621.png,37,G,7052
hasy-data/v2-17622.png,37,G,7052
hasy-data/v2-17623.png,37,G,7052
hasy-data/v2-17624.png,37,G,7713
hasy-data/v2-17625.png,37,G,1696
hasy-data/v2-17626.png,37,G,8457
hasy-data/v2-17627.png,37,G,8486
hasy-data/v2-17628.png,37,G,8633
hasy-data/v2-17629.png,37,G,6483
hasy-data/v2-17630.png,37,G,9283
hasy-data/v2-17631.png,37,G,9505
hasy-data/v2-17632.png,37,G,16925
hasy-data/v2-17633.png,37,G,59154
hasy-data/v2-17634.png,37,G,101308
hasy-data/v2-17635.png,37,G,101309
hasy-data/v2-17636.png,37,G,116471
hasy-data/v2-17637.png,37,G,125926
hasy-data/v2-17638.png,38,H,10
hasy-data/v2-17639.png,38,H,10
hasy-data/v2-17640.png,38,H,50
hasy-data/v2-17641.png,38,H,59
hasy-data/v2-17642.png,38,H,1710
hasy-data/v2-17643.png,38,H,4435
hasy-data/v2-17644.png,38,H,5877
hasy-data/v2-17645.png,38,H,5970
hasy-data/v2-17646.png,38,H,4142
hasy-data/v2-17647.png,38,H,6188
hasy-data/v2-17648.png,38,H,5879
hasy-data/v2-17649.png,38,H,6567
hasy-data/v2-17650.png,38,H,6567
hasy-data/v2-17651.png,38,H,6483
hasy-data/v2-17652.png,38,H,6662
hasy-data/v2-17653.png,38,H,6672
hasy-data/v2-17654.png,38,H,8082
hasy-data/v2-17655.png,38,H,8071
hasy-data/v2-17656.png,38,H,8324
hasy-data/v2-17657.png,38,H,8457
hasy-data/v2-17658.png,38,H,8486
hasy-data/v2-17659.png,38,H,8633
hasy-data/v2-17660.png,38,H,8633
hasy-data/v2-17661.png,38,H,9017
hasy-data/v2-17662.png,38,H,9283
hasy-data/v2-17663.png,38,H,9505
hasy-data/v2-17664.png,38,H,50
hasy-data/v2-17665.png,38,H,15
hasy-data/v2-17666.png,38,H,15
hasy-data/v2-17667.png,38,H,16925
hasy-data/v2-17668.png,38,H,16925
hasy-data/v2-17669.png,38,H,10
hasy-data/v2-17670.png,38,H,10
hasy-data/v2-17671.png,38,H,10
hasy-data/v2-17672.png,38,H,10
hasy-data/v2-17673.png,38,H,10
hasy-data/v2-17674.png,38,H,10
hasy-data/v2-17675.png,38,H,10
hasy-data/v2-17676.png,38,H,10
hasy-data/v2-17677.png,38,H,10
hasy-data/v2-17678.png,38,H,10
hasy-data/v2-17679.png,38,H,10
hasy-data/v2-17680.png,38,H,10
hasy-data/v2-17681.png,38,H,10
hasy-data/v2-17682.png,38,H,10
hasy-data/v2-17683.png,38,H,10
hasy-data/v2-17684.png,38,H,10
hasy-data/v2-17685.png,38,H,10
hasy-data/v2-17686.png,38,H,10
hasy-data/v2-17687.png,38,H,10
hasy-data/v2-17688.png,38,H,10
hasy-data/v2-17689.png,38,H,10
hasy-data/v2-17690.png,38,H,10
hasy-data/v2-17691.png,38,H,59154
hasy-data/v2-17692.png,38,H,101312
hasy-data/v2-17693.png,38,H,116471
hasy-data/v2-17694.png,38,H,125926
hasy-data/v2-17695.png,39,I,10
hasy-data/v2-17696.png,39,I,10
hasy-data/v2-17697.png,39,I,10
hasy-data/v2-17698.png,39,I,23
hasy-data/v2-17699.png,39,I,34
hasy-data/v2-17700.png,39,I,40
hasy-data/v2-17701.png,39,I,35
hasy-data/v2-17702.png,39,I,48
hasy-data/v2-17703.png,39,I,10
hasy-data/v2-17704.png,39,I,10
hasy-data/v2-17705.png,39,I,10
hasy-data/v2-17706.png,39,I,10
hasy-data/v2-17707.png,39,I,10
hasy-data/v2-17708.png,39,I,50
hasy-data/v2-17709.png,39,I,10
hasy-data/v2-17710.png,39,I,10
hasy-data/v2-17711.png,39,I,10
hasy-data/v2-17712.png,39,I,10
hasy-data/v2-17713.png,39,I,10
hasy-data/v2-17714.png,39,I,10
hasy-data/v2-17715.png,39,I,10
hasy-data/v2-17716.png,39,I,10
hasy-data/v2-17717.png,39,I,10
hasy-data/v2-17718.png,39,I,10
hasy-data/v2-17719.png,39,I,10
hasy-data/v2-17720.png,39,I,10
hasy-data/v2-17721.png,39,I,10
hasy-data/v2-17722.png,39,I,10
hasy-data/v2-17723.png,39,I,10
hasy-data/v2-17724.png,39,I,10
hasy-data/v2-17725.png,39,I,10
hasy-data/v2-17726.png,39,I,10
hasy-data/v2-17727.png,39,I,10
hasy-data/v2-17728.png,39,I,10
hasy-data/v2-17729.png,39,I,10
hasy-data/v2-17730.png,39,I,10
hasy-data/v2-17731.png,39,I,10
hasy-data/v2-17732.png,39,I,10
hasy-data/v2-17733.png,39,I,10
hasy-data/v2-17734.png,39,I,10
hasy-data/v2-17735.png,39,I,10
hasy-data/v2-17736.png,39,I,10
hasy-data/v2-17737.png,39,I,10
hasy-data/v2-17738.png,39,I,10
hasy-data/v2-17739.png,39,I,10
hasy-data/v2-17740.png,39,I,10
hasy-data/v2-17741.png,39,I,10
hasy-data/v2-17742.png,39,I,10
hasy-data/v2-17743.png,39,I,10
hasy-data/v2-17744.png,39,I,10
hasy-data/v2-17745.png,39,I,10
hasy-data/v2-17746.png,39,I,10
hasy-data/v2-17747.png,39,I,10
hasy-data/v2-17748.png,39,I,59
hasy-data/v2-17749.png,39,I,1710
hasy-data/v2-17750.png,39,I,4435
hasy-data/v2-17751.png,39,I,5877
hasy-data/v2-17752.png,39,I,5944
hasy-data/v2-17753.png,39,I,4142
hasy-data/v2-17754.png,39,I,6188
hasy-data/v2-17755.png,39,I,5879
hasy-data/v2-17756.png,39,I,6567
hasy-data/v2-17757.png,39,I,6567
hasy-data/v2-17758.png,39,I,6483
hasy-data/v2-17759.png,39,I,6643
hasy-data/v2-17760.png,39,I,6662
hasy-data/v2-17761.png,39,I,6672
hasy-data/v2-17762.png,39,I,7001
hasy-data/v2-17763.png,39,I,6672
hasy-data/v2-17764.png,39,I,7713
hasy-data/v2-17765.png,39,I,1696
hasy-data/v2-17766.png,39,I,8486
hasy-data/v2-17767.png,39,I,8633
hasy-data/v2-17768.png,39,I,9017
hasy-data/v2-17769.png,39,I,9153
hasy-data/v2-17770.png,39,I,9283
hasy-data/v2-17771.png,39,I,9505
hasy-data/v2-17772.png,39,I,15
hasy-data/v2-17773.png,39,I,8486
hasy-data/v2-17774.png,39,I,8486
hasy-data/v2-17775.png,39,I,8486
hasy-data/v2-17776.png,39,I,8486
hasy-data/v2-17777.png,39,I,8486
hasy-data/v2-17778.png,39,I,15
hasy-data/v2-17779.png,39,I,16925
hasy-data/v2-17780.png,39,I,16925
hasy-data/v2-17781.png,39,I,59154
hasy-data/v2-17782.png,39,I,101315
hasy-data/v2-17783.png,39,I,116471
hasy-data/v2-17784.png,39,I,125926
hasy-data/v2-17785.png,40,J,10
hasy-data/v2-17786.png,40,J,10
hasy-data/v2-17787.png,40,J,10
hasy-data/v2-17788.png,40,J,15
hasy-data/v2-17789.png,40,J,10
hasy-data/v2-17790.png,40,J,10
hasy-data/v2-17791.png,40,J,10
hasy-data/v2-17792.png,40,J,35
hasy-data/v2-17793.png,40,J,44
hasy-data/v2-17794.png,40,J,48
hasy-data/v2-17795.png,40,J,46
hasy-data/v2-17796.png,40,J,50
hasy-data/v2-17797.png,40,J,10
hasy-data/v2-17798.png,40,J,10
hasy-data/v2-17799.png,40,J,10
hasy-data/v2-17800.png,40,J,10
hasy-data/v2-17801.png,40,J,10
hasy-data/v2-17802.png,40,J,10
hasy-data/v2-17803.png,40,J,10
hasy-data/v2-17804.png,40,J,10
hasy-data/v2-17805.png,40,J,10
hasy-data/v2-17806.png,40,J,10
hasy-data/v2-17807.png,40,J,10
hasy-data/v2-17808.png,40,J,10
hasy-data/v2-17809.png,40,J,10
hasy-data/v2-17810.png,40,J,10
hasy-data/v2-17811.png,40,J,10
hasy-data/v2-17812.png,40,J,10
hasy-data/v2-17813.png,40,J,10
hasy-data/v2-17814.png,40,J,10
hasy-data/v2-17815.png,40,J,10
hasy-data/v2-17816.png,40,J,10
hasy-data/v2-17817.png,40,J,10
hasy-data/v2-17818.png,40,J,10
hasy-data/v2-17819.png,40,J,10
hasy-data/v2-17820.png,40,J,10
hasy-data/v2-17821.png,40,J,10
hasy-data/v2-17822.png,40,J,10
hasy-data/v2-17823.png,40,J,10
hasy-data/v2-17824.png,40,J,10
hasy-data/v2-17825.png,40,J,10
hasy-data/v2-17826.png,40,J,10
hasy-data/v2-17827.png,40,J,10
hasy-data/v2-17828.png,40,J,10
hasy-data/v2-17829.png,40,J,10
hasy-data/v2-17830.png,40,J,10
hasy-data/v2-17831.png,40,J,10
hasy-data/v2-17832.png,40,J,10
hasy-data/v2-17833.png,40,J,10
hasy-data/v2-17834.png,40,J,10
hasy-data/v2-17835.png,40,J,10
hasy-data/v2-17836.png,40,J,10
hasy-data/v2-17837.png,40,J,59
hasy-data/v2-17838.png,40,J,1709
hasy-data/v2-17839.png,40,J,1710
hasy-data/v2-17840.png,40,J,4435
hasy-data/v2-17841.png,40,J,5877
hasy-data/v2-17842.png,40,J,10
hasy-data/v2-17843.png,40,J,4142
hasy-data/v2-17844.png,40,J,6188
hasy-data/v2-17845.png,40,J,5879
hasy-data/v2-17846.png,40,J,6567
hasy-data/v2-17847.png,40,J,6483
hasy-data/v2-17848.png,40,J,6662
hasy-data/v2-17849.png,40,J,6662
hasy-data/v2-17850.png,40,J,6672
hasy-data/v2-17851.png,40,J,6933
hasy-data/v2-17852.png,40,J,6483
hasy-data/v2-17853.png,40,J,7045
hasy-data/v2-17854.png,40,J,1696
hasy-data/v2-17855.png,40,J,8457
hasy-data/v2-17856.png,40,J,8486
hasy-data/v2-17857.png,40,J,8633
hasy-data/v2-17858.png,40,J,6483
hasy-data/v2-17859.png,40,J,9017
hasy-data/v2-17860.png,40,J,15
hasy-data/v2-17861.png,40,J,15
hasy-data/v2-17862.png,40,J,9218
hasy-data/v2-17863.png,40,J,9218
hasy-data/v2-17864.png,40,J,9218
hasy-data/v2-17865.png,40,J,9218
hasy-data/v2-17866.png,40,J,9218
hasy-data/v2-17867.png,40,J,9499
hasy-data/v2-17868.png,40,J,9505
hasy-data/v2-17869.png,40,J,50
hasy-data/v2-17870.png,40,J,50
hasy-data/v2-17871.png,40,J,50
hasy-data/v2-17872.png,40,J,14751
hasy-data/v2-17873.png,40,J,59154
hasy-data/v2-17874.png,40,J,96130
hasy-data/v2-17875.png,40,J,101316
hasy-data/v2-17876.png,40,J,116471
hasy-data/v2-17877.png,40,J,125926
hasy-data/v2-17878.png,41,K,48
hasy-data/v2-17879.png,41,K,10
hasy-data/v2-17880.png,41,K,10
hasy-data/v2-17881.png,41,K,10
hasy-data/v2-17882.png,41,K,10
hasy-data/v2-17883.png,41,K,50
hasy-data/v2-17884.png,41,K,10
hasy-data/v2-17885.png,41,K,10
hasy-data/v2-17886.png,41,K,10
hasy-data/v2-17887.png,41,K,10
hasy-data/v2-17888.png,41,K,10
hasy-data/v2-17889.png,41,K,10
hasy-data/v2-17890.png,41,K,10
hasy-data/v2-17891.png,41,K,10
hasy-data/v2-17892.png,41,K,10
hasy-data/v2-17893.png,41,K,10
hasy-data/v2-17894.png,41,K,10
hasy-data/v2-17895.png,41,K,10
hasy-data/v2-17896.png,41,K,10
hasy-data/v2-17897.png,41,K,10
hasy-data/v2-17898.png,41,K,10
hasy-data/v2-17899.png,41,K,10
hasy-data/v2-17900.png,41,K,10
hasy-data/v2-17901.png,41,K,10
hasy-data/v2-17902.png,41,K,10
hasy-data/v2-17903.png,41,K,10
hasy-data/v2-17904.png,41,K,10
hasy-data/v2-17905.png,41,K,10
hasy-data/v2-17906.png,41,K,10
hasy-data/v2-17907.png,41,K,10
hasy-data/v2-17908.png,41,K,10
hasy-data/v2-17909.png,41,K,10
hasy-data/v2-17910.png,41,K,10
hasy-data/v2-17911.png,41,K,10
hasy-data/v2-17912.png,41,K,10
hasy-data/v2-17913.png,41,K,10
hasy-data/v2-17914.png,41,K,10
hasy-data/v2-17915.png,41,K,10
hasy-data/v2-17916.png,41,K,10
hasy-data/v2-17917.png,41,K,10
hasy-data/v2-17918.png,41,K,10
hasy-data/v2-17919.png,41,K,10
hasy-data/v2-17920.png,41,K,10
hasy-data/v2-17921.png,41,K,10
hasy-data/v2-17922.png,41,K,10
hasy-data/v2-17923.png,41,K,10
hasy-data/v2-17924.png,41,K,59
hasy-data/v2-17925.png,41,K,1709
hasy-data/v2-17926.png,41,K,1710
hasy-data/v2-17927.png,41,K,4435
hasy-data/v2-17928.png,41,K,5877
hasy-data/v2-17929.png,41,K,6188
hasy-data/v2-17930.png,41,K,6288
hasy-data/v2-17931.png,41,K,5879
hasy-data/v2-17932.png,41,K,6567
hasy-data/v2-17933.png,41,K,6483
hasy-data/v2-17934.png,41,K,6640
hasy-data/v2-17935.png,41,K,6643
hasy-data/v2-17936.png,41,K,6662
hasy-data/v2-17937.png,41,K,6483
hasy-data/v2-17938.png,41,K,7045
hasy-data/v2-17939.png,41,K,1696
hasy-data/v2-17940.png,41,K,8457
hasy-data/v2-17941.png,41,K,8486
hasy-data/v2-17942.png,41,K,8633
hasy-data/v2-17943.png,41,K,8633
hasy-data/v2-17944.png,41,K,9017
hasy-data/v2-17945.png,41,K,9283
hasy-data/v2-17946.png,41,K,9499
hasy-data/v2-17947.png,41,K,9505
hasy-data/v2-17948.png,41,K,50
hasy-data/v2-17949.png,41,K,50
hasy-data/v2-17950.png,41,K,50
hasy-data/v2-17951.png,41,K,50
hasy-data/v2-17952.png,41,K,15
hasy-data/v2-17953.png,41,K,8486
hasy-data/v2-17954.png,41,K,8486
hasy-data/v2-17955.png,41,K,8486
hasy-data/v2-17956.png,41,K,8486
hasy-data/v2-17957.png,41,K,8486
hasy-data/v2-17958.png,41,K,8486
hasy-data/v2-17959.png,41,K,59154
hasy-data/v2-17960.png,41,K,101318
hasy-data/v2-17961.png,41,K,116471
hasy-data/v2-17962.png,41,K,125926
hasy-data/v2-17963.png,42,L,10
hasy-data/v2-17964.png,42,L,10
hasy-data/v2-17965.png,42,L,15
hasy-data/v2-17966.png,42,L,10
hasy-data/v2-17967.png,42,L,23
hasy-data/v2-17968.png,42,L,34
hasy-data/v2-17969.png,42,L,35
hasy-data/v2-17970.png,42,L,44
hasy-data/v2-17971.png,42,L,46
hasy-data/v2-17972.png,42,L,48
hasy-data/v2-17973.png,42,L,10
hasy-data/v2-17974.png,42,L,10
hasy-data/v2-17975.png,42,L,10
hasy-data/v2-17976.png,42,L,10
hasy-data/v2-17977.png,42,L,10
hasy-data/v2-17978.png,42,L,10
hasy-data/v2-17979.png,42,L,10
hasy-data/v2-17980.png,42,L,10
hasy-data/v2-17981.png,42,L,10
hasy-data/v2-17982.png,42,L,10
hasy-data/v2-17983.png,42,L,10
hasy-data/v2-17984.png,42,L,10
hasy-data/v2-17985.png,42,L,10
hasy-data/v2-17986.png,42,L,10
hasy-data/v2-17987.png,42,L,10
hasy-data/v2-17988.png,42,L,10
hasy-data/v2-17989.png,42,L,10
hasy-data/v2-17990.png,42,L,10
hasy-data/v2-17991.png,42,L,10
hasy-data/v2-17992.png,42,L,10
hasy-data/v2-17993.png,42,L,10
hasy-data/v2-17994.png,42,L,10
hasy-data/v2-17995.png,42,L,10
hasy-data/v2-17996.png,42,L,10
hasy-data/v2-17997.png,42,L,10
hasy-data/v2-17998.png,42,L,10
hasy-data/v2-17999.png,42,L,10
hasy-data/v2-18000.png,42,L,10
hasy-data/v2-18001.png,42,L,10
hasy-data/v2-18002.png,42,L,10
hasy-data/v2-18003.png,42,L,10
hasy-data/v2-18004.png,42,L,10
hasy-data/v2-18005.png,42,L,10
hasy-data/v2-18006.png,42,L,10
hasy-data/v2-18007.png,42,L,10
hasy-data/v2-18008.png,42,L,10
hasy-data/v2-18009.png,42,L,10
hasy-data/v2-18010.png,42,L,10
hasy-data/v2-18011.png,42,L,10
hasy-data/v2-18012.png,42,L,10
hasy-data/v2-18013.png,42,L,10
hasy-data/v2-18014.png,42,L,1710
hasy-data/v2-18015.png,42,L,3328
hasy-data/v2-18016.png,42,L,3328
hasy-data/v2-18017.png,42,L,4435
hasy-data/v2-18018.png,42,L,5877
hasy-data/v2-18019.png,42,L,4142
hasy-data/v2-18020.png,42,L,6188
hasy-data/v2-18021.png,42,L,6288
hasy-data/v2-18022.png,42,L,5879
hasy-data/v2-18023.png,42,L,6567
hasy-data/v2-18024.png,42,L,6567
hasy-data/v2-18025.png,42,L,6483
hasy-data/v2-18026.png,42,L,6662
hasy-data/v2-18027.png,42,L,6662
hasy-data/v2-18028.png,42,L,6672
hasy-data/v2-18029.png,42,L,6899
hasy-data/v2-18030.png,42,L,6483
hasy-data/v2-18031.png,42,L,7045
hasy-data/v2-18032.png,42,L,10
hasy-data/v2-18033.png,42,L,8082
hasy-data/v2-18034.png,42,L,8457
hasy-data/v2-18035.png,42,L,8486
hasy-data/v2-18036.png,42,L,6483
hasy-data/v2-18037.png,42,L,8633
hasy-data/v2-18038.png,42,L,9017
hasy-data/v2-18039.png,42,L,15
hasy-data/v2-18040.png,42,L,9153
hasy-data/v2-18041.png,42,L,9283
hasy-data/v2-18042.png,42,L,9499
hasy-data/v2-18043.png,42,L,9505
hasy-data/v2-18044.png,42,L,8486
hasy-data/v2-18045.png,42,L,8486
hasy-data/v2-18046.png,42,L,8486
hasy-data/v2-18047.png,42,L,8486
hasy-data/v2-18048.png,42,L,8486
hasy-data/v2-18049.png,42,L,8486
hasy-data/v2-18050.png,42,L,8486
hasy-data/v2-18051.png,42,L,8486
hasy-data/v2-18052.png,42,L,8486
hasy-data/v2-18053.png,42,L,15
hasy-data/v2-18054.png,42,L,16925
hasy-data/v2-18055.png,42,L,16925
hasy-data/v2-18056.png,42,L,16925
hasy-data/v2-18057.png,42,L,16925
hasy-data/v2-18058.png,42,L,16925
hasy-data/v2-18059.png,42,L,59154
hasy-data/v2-18060.png,42,L,101319
hasy-data/v2-18061.png,42,L,116471
hasy-data/v2-18062.png,42,L,125926
hasy-data/v2-18063.png,43,M,10
hasy-data/v2-18064.png,43,M,10
hasy-data/v2-18065.png,43,M,10
hasy-data/v2-18066.png,43,M,15
hasy-data/v2-18067.png,43,M,15
hasy-data/v2-18068.png,43,M,15
hasy-data/v2-18069.png,43,M,15
hasy-data/v2-18070.png,43,M,15
hasy-data/v2-18071.png,43,M,10
hasy-data/v2-18072.png,43,M,10
hasy-data/v2-18073.png,43,M,10
hasy-data/v2-18074.png,43,M,10
hasy-data/v2-18075.png,43,M,10
hasy-data/v2-18076.png,43,M,10
hasy-data/v2-18077.png,43,M,10
hasy-data/v2-18078.png,43,M,10
hasy-data/v2-18079.png,43,M,10
hasy-data/v2-18080.png,43,M,10
hasy-data/v2-18081.png,43,M,10
hasy-data/v2-18082.png,43,M,10
hasy-data/v2-18083.png,43,M,10
hasy-data/v2-18084.png,43,M,10
hasy-data/v2-18085.png,43,M,10
hasy-data/v2-18086.png,43,M,10
hasy-data/v2-18087.png,43,M,10
hasy-data/v2-18088.png,43,M,10
hasy-data/v2-18089.png,43,M,10
hasy-data/v2-18090.png,43,M,10
hasy-data/v2-18091.png,43,M,10
hasy-data/v2-18092.png,43,M,10
hasy-data/v2-18093.png,43,M,10
hasy-data/v2-18094.png,43,M,10
hasy-data/v2-18095.png,43,M,10
hasy-data/v2-18096.png,43,M,10
hasy-data/v2-18097.png,43,M,10
hasy-data/v2-18098.png,43,M,10
hasy-data/v2-18099.png,43,M,10
hasy-data/v2-18100.png,43,M,10
hasy-data/v2-18101.png,43,M,10
hasy-data/v2-18102.png,43,M,10
hasy-data/v2-18103.png,43,M,10
hasy-data/v2-18104.png,43,M,10
hasy-data/v2-18105.png,43,M,10
hasy-data/v2-18106.png,43,M,10
hasy-data/v2-18107.png,43,M,10
hasy-data/v2-18108.png,43,M,10
hasy-data/v2-18109.png,43,M,10
hasy-data/v2-18110.png,43,M,10
hasy-data/v2-18111.png,43,M,10
hasy-data/v2-18112.png,43,M,10
hasy-data/v2-18113.png,43,M,10
hasy-data/v2-18114.png,43,M,10
hasy-data/v2-18115.png,43,M,23
hasy-data/v2-18116.png,43,M,34
hasy-data/v2-18117.png,43,M,40
hasy-data/v2-18118.png,43,M,35
hasy-data/v2-18119.png,43,M,44
hasy-data/v2-18120.png,43,M,46
hasy-data/v2-18121.png,43,M,48
hasy-data/v2-18122.png,43,M,59
hasy-data/v2-18123.png,43,M,1710
hasy-data/v2-18124.png,43,M,4435
hasy-data/v2-18125.png,43,M,5755
hasy-data/v2-18126.png,43,M,5877
hasy-data/v2-18127.png,43,M,4142
hasy-data/v2-18128.png,43,M,6084
hasy-data/v2-18129.png,43,M,6188
hasy-data/v2-18130.png,43,M,6288
hasy-data/v2-18131.png,43,M,6348
hasy-data/v2-18132.png,43,M,5879
hasy-data/v2-18133.png,43,M,6567
hasy-data/v2-18134.png,43,M,6483
hasy-data/v2-18135.png,43,M,6662
hasy-data/v2-18136.png,43,M,6672
hasy-data/v2-18137.png,43,M,5879
hasy-data/v2-18138.png,43,M,5879
hasy-data/v2-18139.png,43,M,7045
hasy-data/v2-18140.png,43,M,7052
hasy-data/v2-18141.png,43,M,7052
hasy-data/v2-18142.png,43,M,7052
hasy-data/v2-18143.png,43,M,7713
hasy-data/v2-18144.png,43,M,10
hasy-data/v2-18145.png,43,M,1696
hasy-data/v2-18146.png,43,M,7841
hasy-data/v2-18147.png,43,M,7841
hasy-data/v2-18148.png,43,M,7841
hasy-data/v2-18149.png,43,M,7841
hasy-data/v2-18150.png,43,M,7841
hasy-data/v2-18151.png,43,M,7841
hasy-data/v2-18152.png,43,M,7841
hasy-data/v2-18153.png,43,M,7841
hasy-data/v2-18154.png,43,M,7841
hasy-data/v2-18155.png,43,M,7841
hasy-data/v2-18156.png,43,M,7841
hasy-data/v2-18157.png,43,M,7841
hasy-data/v2-18158.png,43,M,7841
hasy-data/v2-18159.png,43,M,8457
hasy-data/v2-18160.png,43,M,8486
hasy-data/v2-18161.png,43,M,8633
hasy-data/v2-18162.png,43,M,9017
hasy-data/v2-18163.png,43,M,9505
hasy-data/v2-18164.png,43,M,16925
hasy-data/v2-18165.png,43,M,16925
hasy-data/v2-18166.png,43,M,16925
hasy-data/v2-18167.png,43,M,59154
hasy-data/v2-18168.png,43,M,101320
hasy-data/v2-18169.png,43,M,116471
hasy-data/v2-18170.png,43,M,125926
hasy-data/v2-18171.png,44,N,10
hasy-data/v2-18172.png,44,N,10
hasy-data/v2-18173.png,44,N,10
hasy-data/v2-18174.png,44,N,15
hasy-data/v2-18175.png,44,N,10
hasy-data/v2-18176.png,44,N,23
hasy-data/v2-18177.png,44,N,34
hasy-data/v2-18178.png,44,N,44
hasy-data/v2-18179.png,44,N,48
hasy-data/v2-18180.png,44,N,50
hasy-data/v2-18181.png,44,N,10
hasy-data/v2-18182.png,44,N,10
hasy-data/v2-18183.png,44,N,10
hasy-data/v2-18184.png,44,N,10
hasy-data/v2-18185.png,44,N,10
hasy-data/v2-18186.png,44,N,10
hasy-data/v2-18187.png,44,N,10
hasy-data/v2-18188.png,44,N,10
hasy-data/v2-18189.png,44,N,10
hasy-data/v2-18190.png,44,N,10
hasy-data/v2-18191.png,44,N,43
hasy-data/v2-18192.png,44,N,10
hasy-data/v2-18193.png,44,N,10
hasy-data/v2-18194.png,44,N,10
hasy-data/v2-18195.png,44,N,10
hasy-data/v2-18196.png,44,N,10
hasy-data/v2-18197.png,44,N,10
hasy-data/v2-18198.png,44,N,10
hasy-data/v2-18199.png,44,N,10
hasy-data/v2-18200.png,44,N,10
hasy-data/v2-18201.png,44,N,10
hasy-data/v2-18202.png,44,N,10
hasy-data/v2-18203.png,44,N,10
hasy-data/v2-18204.png,44,N,10
hasy-data/v2-18205.png,44,N,1710
hasy-data/v2-18206.png,44,N,4435
hasy-data/v2-18207.png,44,N,5877
hasy-data/v2-18208.png,44,N,4142
hasy-data/v2-18209.png,44,N,6188
hasy-data/v2-18210.png,44,N,6288
hasy-data/v2-18211.png,44,N,5879
hasy-data/v2-18212.png,44,N,10
hasy-data/v2-18213.png,44,N,10
hasy-data/v2-18214.png,44,N,10
hasy-data/v2-18215.png,44,N,10
hasy-data/v2-18216.png,44,N,10
hasy-data/v2-18217.png,44,N,10
hasy-data/v2-18218.png,44,N,6567
hasy-data/v2-18219.png,44,N,6567
hasy-data/v2-18220.png,44,N,6483
hasy-data/v2-18221.png,44,N,6483
hasy-data/v2-18222.png,44,N,6483
hasy-data/v2-18223.png,44,N,6672
hasy-data/v2-18224.png,44,N,7052
hasy-data/v2-18225.png,44,N,7052
hasy-data/v2-18226.png,44,N,7052
hasy-data/v2-18227.png,44,N,7052
hasy-data/v2-18228.png,44,N,7052
hasy-data/v2-18229.png,44,N,7052
hasy-data/v2-18230.png,44,N,7052
hasy-data/v2-18231.png,44,N,7052
hasy-data/v2-18232.png,44,N,7052
hasy-data/v2-18233.png,44,N,7052
hasy-data/v2-18234.png,44,N,7052
hasy-data/v2-18235.png,44,N,7637
hasy-data/v2-18236.png,44,N,7713
hasy-data/v2-18237.png,44,N,1696
hasy-data/v2-18238.png,44,N,8082
hasy-data/v2-18239.png,44,N,8071
hasy-data/v2-18240.png,44,N,8457
hasy-data/v2-18241.png,44,N,8486
hasy-data/v2-18242.png,44,N,8486
hasy-data/v2-18243.png,44,N,8633
hasy-data/v2-18244.png,44,N,8633
hasy-data/v2-18245.png,44,N,9017
hasy-data/v2-18246.png,44,N,9283
hasy-data/v2-18247.png,44,N,9505
hasy-data/v2-18248.png,44,N,50
hasy-data/v2-18249.png,44,N,50
hasy-data/v2-18250.png,44,N,8486
hasy-data/v2-18251.png,44,N,8486
hasy-data/v2-18252.png,44,N,8486
hasy-data/v2-18253.png,44,N,8486
hasy-data/v2-18254.png,44,N,8486
hasy-data/v2-18255.png,44,N,8486
hasy-data/v2-18256.png,44,N,8486
hasy-data/v2-18257.png,44,N,8486
hasy-data/v2-18258.png,44,N,8486
hasy-data/v2-18259.png,44,N,8486
hasy-data/v2-18260.png,44,N,16925
hasy-data/v2-18261.png,44,N,59154
hasy-data/v2-18262.png,44,N,101321
hasy-data/v2-18263.png,44,N,116471
hasy-data/v2-18264.png,44,N,125926
hasy-data/v2-18265.png,45,O,10
hasy-data/v2-18266.png,45,O,10
hasy-data/v2-18267.png,45,O,10
hasy-data/v2-18268.png,45,O,10
hasy-data/v2-18269.png,45,O,15
hasy-data/v2-18270.png,45,O,10
hasy-data/v2-18271.png,45,O,10
hasy-data/v2-18272.png,45,O,10
hasy-data/v2-18273.png,45,O,10
hasy-data/v2-18274.png,45,O,10
hasy-data/v2-18275.png,45,O,10
hasy-data/v2-18276.png,45,O,10
hasy-data/v2-18277.png,45,O,10
hasy-data/v2-18278.png,45,O,10
hasy-data/v2-18279.png,45,O,10
hasy-data/v2-18280.png,45,O,10
hasy-data/v2-18281.png,45,O,10
hasy-data/v2-18282.png,45,O,10
hasy-data/v2-18283.png,45,O,10
hasy-data/v2-18284.png,45,O,10
hasy-data/v2-18285.png,45,O,10
hasy-data/v2-18286.png,45,O,10
hasy-data/v2-18287.png,45,O,23
hasy-data/v2-18288.png,45,O,25
hasy-data/v2-18289.png,45,O,10
hasy-data/v2-18290.png,45,O,10
hasy-data/v2-18291.png,45,O,34
hasy-data/v2-18292.png,45,O,40
hasy-data/v2-18293.png,45,O,35
hasy-data/v2-18294.png,45,O,48
hasy-data/v2-18295.png,45,O,46
hasy-data/v2-18296.png,45,O,50
hasy-data/v2-18297.png,45,O,59
hasy-data/v2-18298.png,45,O,10
hasy-data/v2-18299.png,45,O,10
hasy-data/v2-18300.png,45,O,1710
hasy-data/v2-18301.png,45,O,4435
hasy-data/v2-18302.png,45,O,5877
hasy-data/v2-18303.png,45,O,4142
hasy-data/v2-18304.png,45,O,6188
hasy-data/v2-18305.png,45,O,6288
hasy-data/v2-18306.png,45,O,5879
hasy-data/v2-18307.png,45,O,10
hasy-data/v2-18308.png,45,O,10
hasy-data/v2-18309.png,45,O,10
hasy-data/v2-18310.png,45,O,10
hasy-data/v2-18311.png,45,O,10
hasy-data/v2-18312.png,45,O,10
hasy-data/v2-18313.png,45,O,6567
hasy-data/v2-18314.png,45,O,6483
hasy-data/v2-18315.png,45,O,6643
hasy-data/v2-18316.png,45,O,6672
hasy-data/v2-18317.png,45,O,6483
hasy-data/v2-18318.png,45,O,7045
hasy-data/v2-18319.png,45,O,10
hasy-data/v2-18320.png,45,O,1696
hasy-data/v2-18321.png,45,O,8082
hasy-data/v2-18322.png,45,O,8205
hasy-data/v2-18323.png,45,O,8071
hasy-data/v2-18324.png,45,O,8457
hasy-data/v2-18325.png,45,O,8466
hasy-data/v2-18326.png,45,O,8486
hasy-data/v2-18327.png,45,O,8633
hasy-data/v2-18328.png,45,O,8633
hasy-data/v2-18329.png,45,O,9017
hasy-data/v2-18330.png,45,O,9283
hasy-data/v2-18331.png,45,O,9505
hasy-data/v2-18332.png,45,O,15
hasy-data/v2-18333.png,45,O,15
hasy-data/v2-18334.png,45,O,11986
hasy-data/v2-18335.png,45,O,59154
hasy-data/v2-18336.png,45,O,101322
hasy-data/v2-18337.png,45,O,116471
hasy-data/v2-18338.png,45,O,125926
hasy-data/v2-18339.png,45,O,126638
hasy-data/v2-18340.png,46,P,10
hasy-data/v2-18341.png,46,P,10
hasy-data/v2-18342.png,46,P,48
hasy-data/v2-18343.png,46,P,50
hasy-data/v2-18344.png,46,P,10
hasy-data/v2-18345.png,46,P,10
hasy-data/v2-18346.png,46,P,10
hasy-data/v2-18347.png,46,P,10
hasy-data/v2-18348.png,46,P,10
hasy-data/v2-18349.png,46,P,10
hasy-data/v2-18350.png,46,P,10
hasy-data/v2-18351.png,46,P,10
hasy-data/v2-18352.png,46,P,10
hasy-data/v2-18353.png,46,P,10
hasy-data/v2-18354.png,46,P,10
hasy-data/v2-18355.png,46,P,10
hasy-data/v2-18356.png,46,P,10
hasy-data/v2-18357.png,46,P,10
hasy-data/v2-18358.png,46,P,10
hasy-data/v2-18359.png,46,P,10
hasy-data/v2-18360.png,46,P,10
hasy-data/v2-18361.png,46,P,10
hasy-data/v2-18362.png,46,P,10
hasy-data/v2-18363.png,46,P,10
hasy-data/v2-18364.png,46,P,59
hasy-data/v2-18365.png,46,P,1710
hasy-data/v2-18366.png,46,P,4142
hasy-data/v2-18367.png,46,P,4435
hasy-data/v2-18368.png,46,P,5877
hasy-data/v2-18369.png,46,P,6188
hasy-data/v2-18370.png,46,P,6288
hasy-data/v2-18371.png,46,P,5879
hasy-data/v2-18372.png,46,P,10
hasy-data/v2-18373.png,46,P,10
hasy-data/v2-18374.png,46,P,10
hasy-data/v2-18375.png,46,P,10
hasy-data/v2-18376.png,46,P,10
hasy-data/v2-18377.png,46,P,10
hasy-data/v2-18378.png,46,P,10
hasy-data/v2-18379.png,46,P,10
hasy-data/v2-18380.png,46,P,10
hasy-data/v2-18381.png,46,P,10
hasy-data/v2-18382.png,46,P,6567
hasy-data/v2-18383.png,46,P,6483
hasy-data/v2-18384.png,46,P,6643
hasy-data/v2-18385.png,46,P,6662
hasy-data/v2-18386.png,46,P,6672
hasy-data/v2-18387.png,46,P,1696
hasy-data/v2-18388.png,46,P,7957
hasy-data/v2-18389.png,46,P,8082
hasy-data/v2-18390.png,46,P,8457
hasy-data/v2-18391.png,46,P,8486
hasy-data/v2-18392.png,46,P,8633
hasy-data/v2-18393.png,46,P,8633
hasy-data/v2-18394.png,46,P,9017
hasy-data/v2-18395.png,46,P,15
hasy-data/v2-18396.png,46,P,9153
hasy-data/v2-18397.png,46,P,9505
hasy-data/v2-18398.png,46,P,8486
hasy-data/v2-18399.png,46,P,8486
hasy-data/v2-18400.png,46,P,59154
hasy-data/v2-18401.png,46,P,101324
hasy-data/v2-18402.png,46,P,116471
hasy-data/v2-18403.png,46,P,125926
hasy-data/v2-18404.png,47,Q,48
hasy-data/v2-18405.png,47,Q,50
hasy-data/v2-18406.png,47,Q,10
hasy-data/v2-18407.png,47,Q,10
hasy-data/v2-18408.png,47,Q,10
hasy-data/v2-18409.png,47,Q,10
hasy-data/v2-18410.png,47,Q,10
hasy-data/v2-18411.png,47,Q,10
hasy-data/v2-18412.png,47,Q,59
hasy-data/v2-18413.png,47,Q,1710
hasy-data/v2-18414.png,47,Q,5877
hasy-data/v2-18415.png,47,Q,4142
hasy-data/v2-18416.png,47,Q,6188
hasy-data/v2-18417.png,47,Q,6288
hasy-data/v2-18418.png,47,Q,5879
hasy-data/v2-18419.png,47,Q,10
hasy-data/v2-18420.png,47,Q,10
hasy-data/v2-18421.png,47,Q,10
hasy-data/v2-18422.png,47,Q,10
hasy-data/v2-18423.png,47,Q,10
hasy-data/v2-18424.png,47,Q,10
hasy-data/v2-18425.png,47,Q,10
hasy-data/v2-18426.png,47,Q,10
hasy-data/v2-18427.png,47,Q,10
hasy-data/v2-18428.png,47,Q,10
hasy-data/v2-18429.png,47,Q,10
hasy-data/v2-18430.png,47,Q,10
hasy-data/v2-18431.png,47,Q,10
hasy-data/v2-18432.png,47,Q,10
hasy-data/v2-18433.png,47,Q,10
hasy-data/v2-18434.png,47,Q,10
hasy-data/v2-18435.png,47,Q,10
hasy-data/v2-18436.png,47,Q,10
hasy-data/v2-18437.png,47,Q,10
hasy-data/v2-18438.png,47,Q,10
hasy-data/v2-18439.png,47,Q,10
hasy-data/v2-18440.png,47,Q,10
hasy-data/v2-18441.png,47,Q,6567
hasy-data/v2-18442.png,47,Q,6567
hasy-data/v2-18443.png,47,Q,6567
hasy-data/v2-18444.png,47,Q,6483
hasy-data/v2-18445.png,47,Q,6483
hasy-data/v2-18446.png,47,Q,6643
hasy-data/v2-18447.png,47,Q,6662
hasy-data/v2-18448.png,47,Q,6672
hasy-data/v2-18449.png,47,Q,1696
hasy-data/v2-18450.png,47,Q,8082
hasy-data/v2-18451.png,47,Q,8071
hasy-data/v2-18452.png,47,Q,8486
hasy-data/v2-18453.png,47,Q,8633
hasy-data/v2-18454.png,47,Q,8633
hasy-data/v2-18455.png,47,Q,8633
hasy-data/v2-18456.png,47,Q,6483
hasy-data/v2-18457.png,47,Q,15
hasy-data/v2-18458.png,47,Q,9499
hasy-data/v2-18459.png,47,Q,9505
hasy-data/v2-18460.png,47,Q,59154
hasy-data/v2-18461.png,47,Q,101326
hasy-data/v2-18462.png,47,Q,116471
hasy-data/v2-18463.png,47,Q,125926
hasy-data/v2-18464.png,48,R,10
hasy-data/v2-18465.png,48,R,10
hasy-data/v2-18466.png,48,R,23
hasy-data/v2-18467.png,48,R,48
hasy-data/v2-18468.png,48,R,46
hasy-data/v2-18469.png,48,R,50
hasy-data/v2-18470.png,48,R,10
hasy-data/v2-18471.png,48,R,10
hasy-data/v2-18472.png,48,R,10
hasy-data/v2-18473.png,48,R,10
hasy-data/v2-18474.png,48,R,10
hasy-data/v2-18475.png,48,R,10
hasy-data/v2-18476.png,48,R,10
hasy-data/v2-18477.png,48,R,10
hasy-data/v2-18478.png,48,R,10
hasy-data/v2-18479.png,48,R,59
hasy-data/v2-18480.png,48,R,1710
hasy-data/v2-18481.png,48,R,4435
hasy-data/v2-18482.png,48,R,5877
hasy-data/v2-18483.png,48,R,10
hasy-data/v2-18484.png,48,R,6188
hasy-data/v2-18485.png,48,R,5879
hasy-data/v2-18486.png,48,R,10
hasy-data/v2-18487.png,48,R,10
hasy-data/v2-18488.png,48,R,10
hasy-data/v2-18489.png,48,R,10
hasy-data/v2-18490.png,48,R,10
hasy-data/v2-18491.png,48,R,10
hasy-data/v2-18492.png,48,R,10
hasy-data/v2-18493.png,48,R,10
hasy-data/v2-18494.png,48,R,10
hasy-data/v2-18495.png,48,R,10
hasy-data/v2-18496.png,48,R,10
hasy-data/v2-18497.png,48,R,10
hasy-data/v2-18498.png,48,R,10
hasy-data/v2-18499.png,48,R,10
hasy-data/v2-18500.png,48,R,10
hasy-data/v2-18501.png,48,R,10
hasy-data/v2-18502.png,48,R,10
hasy-data/v2-18503.png,48,R,10
hasy-data/v2-18504.png,48,R,10
hasy-data/v2-18505.png,48,R,10
hasy-data/v2-18506.png,48,R,10
hasy-data/v2-18507.png,48,R,10
hasy-data/v2-18508.png,48,R,6567
hasy-data/v2-18509.png,48,R,6483
hasy-data/v2-18510.png,48,R,6483
hasy-data/v2-18511.png,48,R,6483
hasy-data/v2-18512.png,48,R,6662
hasy-data/v2-18513.png,48,R,6672
hasy-data/v2-18514.png,48,R,6903
hasy-data/v2-18515.png,48,R,7001
hasy-data/v2-18516.png,48,R,7052
hasy-data/v2-18517.png,48,R,7957
hasy-data/v2-18518.png,48,R,8082
hasy-data/v2-18519.png,48,R,8457
hasy-data/v2-18520.png,48,R,8486
hasy-data/v2-18521.png,48,R,8633
hasy-data/v2-18522.png,48,R,9017
hasy-data/v2-18523.png,48,R,9281
hasy-data/v2-18524.png,48,R,9283
hasy-data/v2-18525.png,48,R,9505
hasy-data/v2-18526.png,48,R,50
hasy-data/v2-18527.png,48,R,15
hasy-data/v2-18528.png,48,R,15
hasy-data/v2-18529.png,48,R,15
hasy-data/v2-18530.png,48,R,15
hasy-data/v2-18531.png,48,R,16925
hasy-data/v2-18532.png,48,R,16925
hasy-data/v2-18533.png,48,R,16925
hasy-data/v2-18534.png,48,R,59154
hasy-data/v2-18535.png,48,R,101328
hasy-data/v2-18536.png,48,R,116471
hasy-data/v2-18537.png,48,R,125926
hasy-data/v2-18538.png,49,S,10
hasy-data/v2-18539.png,49,S,10
hasy-data/v2-18540.png,49,S,15
hasy-data/v2-18541.png,49,S,10
hasy-data/v2-18542.png,49,S,23
hasy-data/v2-18543.png,49,S,34
hasy-data/v2-18544.png,49,S,40
hasy-data/v2-18545.png,49,S,35
hasy-data/v2-18546.png,49,S,44
hasy-data/v2-18547.png,49,S,48
hasy-data/v2-18548.png,49,S,50
hasy-data/v2-18549.png,49,S,10
hasy-data/v2-18550.png,49,S,10
hasy-data/v2-18551.png,49,S,10
hasy-data/v2-18552.png,49,S,10
hasy-data/v2-18553.png,49,S,10
hasy-data/v2-18554.png,49,S,10
hasy-data/v2-18555.png,49,S,10
hasy-data/v2-18556.png,49,S,10
hasy-data/v2-18557.png,49,S,10
hasy-data/v2-18558.png,49,S,59
hasy-data/v2-18559.png,49,S,1710
hasy-data/v2-18560.png,49,S,4435
hasy-data/v2-18561.png,49,S,5877
hasy-data/v2-18562.png,49,S,6188
hasy-data/v2-18563.png,49,S,5879
hasy-data/v2-18564.png,49,S,6567
hasy-data/v2-18565.png,49,S,6483
hasy-data/v2-18566.png,49,S,6483
hasy-data/v2-18567.png,49,S,6662
hasy-data/v2-18568.png,49,S,6672
hasy-data/v2-18569.png,49,S,6483
hasy-data/v2-18570.png,49,S,1696
hasy-data/v2-18571.png,49,S,3320
hasy-data/v2-18572.png,49,S,8457
hasy-data/v2-18573.png,49,S,8486
hasy-data/v2-18574.png,49,S,8633
hasy-data/v2-18575.png,49,S,8633
hasy-data/v2-18576.png,49,S,9017
hasy-data/v2-18577.png,49,S,9153
hasy-data/v2-18578.png,49,S,9283
hasy-data/v2-18579.png,49,S,9505
hasy-data/v2-18580.png,49,S,50
hasy-data/v2-18581.png,49,S,15
hasy-data/v2-18582.png,49,S,15
hasy-data/v2-18583.png,49,S,8486
hasy-data/v2-18584.png,49,S,16925
hasy-data/v2-18585.png,49,S,16925
hasy-data/v2-18586.png,49,S,16925
hasy-data/v2-18587.png,49,S,16925
hasy-data/v2-18588.png,49,S,16925
hasy-data/v2-18589.png,49,S,46126
hasy-data/v2-18590.png,49,S,59154
hasy-data/v2-18591.png,49,S,101329
hasy-data/v2-18592.png,49,S,116471
hasy-data/v2-18593.png,49,S,125926
hasy-data/v2-18594.png,50,T,48
hasy-data/v2-18595.png,50,T,46
hasy-data/v2-18596.png,50,T,50
hasy-data/v2-18597.png,50,T,10
hasy-data/v2-18598.png,50,T,10
hasy-data/v2-18599.png,50,T,10
hasy-data/v2-18600.png,50,T,10
hasy-data/v2-18601.png,50,T,10
hasy-data/v2-18602.png,50,T,10
hasy-data/v2-18603.png,50,T,10
hasy-data/v2-18604.png,50,T,10
hasy-data/v2-18605.png,50,T,59
hasy-data/v2-18606.png,50,T,1710
hasy-data/v2-18607.png,50,T,3328
hasy-data/v2-18608.png,50,T,3406
hasy-data/v2-18609.png,50,T,4435
hasy-data/v2-18610.png,50,T,5559
hasy-data/v2-18611.png,50,T,5877
hasy-data/v2-18612.png,50,T,4142
hasy-data/v2-18613.png,50,T,6188
hasy-data/v2-18614.png,50,T,6288
hasy-data/v2-18615.png,50,T,5879
hasy-data/v2-18616.png,50,T,6567
hasy-data/v2-18617.png,50,T,6483
hasy-data/v2-18618.png,50,T,6483
hasy-data/v2-18619.png,50,T,6662
hasy-data/v2-18620.png,50,T,6662
hasy-data/v2-18621.png,50,T,6672
hasy-data/v2-18622.png,50,T,6672
hasy-data/v2-18623.png,50,T,6483
hasy-data/v2-18624.png,50,T,7045
hasy-data/v2-18625.png,50,T,7052
hasy-data/v2-18626.png,50,T,1696
hasy-data/v2-18627.png,50,T,8457
hasy-data/v2-18628.png,50,T,8486
hasy-data/v2-18629.png,50,T,8633
hasy-data/v2-18630.png,50,T,8633
hasy-data/v2-18631.png,50,T,9017
hasy-data/v2-18632.png,50,T,15
hasy-data/v2-18633.png,50,T,9283
hasy-data/v2-18634.png,50,T,9499
hasy-data/v2-18635.png,50,T,50
hasy-data/v2-18636.png,50,T,10
hasy-data/v2-18637.png,50,T,10
hasy-data/v2-18638.png,50,T,10
hasy-data/v2-18639.png,50,T,59154
hasy-data/v2-18640.png,50,T,101306
hasy-data/v2-18641.png,50,T,101331
hasy-data/v2-18642.png,50,T,116471
hasy-data/v2-18643.png,50,T,125926
hasy-data/v2-18644.png,51,U,10
hasy-data/v2-18645.png,51,U,10
hasy-data/v2-18646.png,51,U,15
hasy-data/v2-18647.png,51,U,10
hasy-data/v2-18648.png,51,U,23
hasy-data/v2-18649.png,51,U,34
hasy-data/v2-18650.png,51,U,40
hasy-data/v2-18651.png,51,U,44
hasy-data/v2-18652.png,51,U,48
hasy-data/v2-18653.png,51,U,46
hasy-data/v2-18654.png,51,U,50
hasy-data/v2-18655.png,51,U,10
hasy-data/v2-18656.png,51,U,10
hasy-data/v2-18657.png,51,U,10
hasy-data/v2-18658.png,51,U,10
hasy-data/v2-18659.png,51,U,10
hasy-data/v2-18660.png,51,U,10
hasy-data/v2-18661.png,51,U,10
hasy-data/v2-18662.png,51,U,10
hasy-data/v2-18663.png,51,U,10
hasy-data/v2-18664.png,51,U,10
hasy-data/v2-18665.png,51,U,1710
hasy-data/v2-18666.png,51,U,4435
hasy-data/v2-18667.png,51,U,5877
hasy-data/v2-18668.png,51,U,4142
hasy-data/v2-18669.png,51,U,6188
hasy-data/v2-18670.png,51,U,6288
hasy-data/v2-18671.png,51,U,5879
hasy-data/v2-18672.png,51,U,6483
hasy-data/v2-18673.png,51,U,6483
hasy-data/v2-18674.png,51,U,6643
hasy-data/v2-18675.png,51,U,6662
hasy-data/v2-18676.png,51,U,6672
hasy-data/v2-18677.png,51,U,5879
hasy-data/v2-18678.png,51,U,7052
hasy-data/v2-18679.png,51,U,7713
hasy-data/v2-18680.png,51,U,1696
hasy-data/v2-18681.png,51,U,8082
hasy-data/v2-18682.png,51,U,8457
hasy-data/v2-18683.png,51,U,8486
hasy-data/v2-18684.png,51,U,8633
hasy-data/v2-18685.png,51,U,8633
hasy-data/v2-18686.png,51,U,8633
hasy-data/v2-18687.png,51,U,9017
hasy-data/v2-18688.png,51,U,15
hasy-data/v2-18689.png,51,U,9283
hasy-data/v2-18690.png,51,U,9505
hasy-data/v2-18691.png,51,U,50
hasy-data/v2-18692.png,51,U,15
hasy-data/v2-18693.png,51,U,15
hasy-data/v2-18694.png,51,U,59154
hasy-data/v2-18695.png,51,U,116471
hasy-data/v2-18696.png,51,U,125926
hasy-data/v2-18697.png,52,V,10
hasy-data/v2-18698.png,52,V,10
hasy-data/v2-18699.png,52,V,10
hasy-data/v2-18700.png,52,V,23
hasy-data/v2-18701.png,52,V,34
hasy-data/v2-18702.png,52,V,40
hasy-data/v2-18703.png,52,V,35
hasy-data/v2-18704.png,52,V,44
hasy-data/v2-18705.png,52,V,46
hasy-data/v2-18706.png,52,V,48
hasy-data/v2-18707.png,52,V,50
hasy-data/v2-18708.png,52,V,10
hasy-data/v2-18709.png,52,V,10
hasy-data/v2-18710.png,52,V,10
hasy-data/v2-18711.png,52,V,10
hasy-data/v2-18712.png,52,V,10
hasy-data/v2-18713.png,52,V,10
hasy-data/v2-18714.png,52,V,10
hasy-data/v2-18715.png,52,V,10
hasy-data/v2-18716.png,52,V,10
hasy-data/v2-18717.png,52,V,10
hasy-data/v2-18718.png,52,V,59
hasy-data/v2-18719.png,52,V,1710
hasy-data/v2-18720.png,52,V,4435
hasy-data/v2-18721.png,52,V,5877
hasy-data/v2-18722.png,52,V,4142
hasy-data/v2-18723.png,52,V,6188
hasy-data/v2-18724.png,52,V,6288
hasy-data/v2-18725.png,52,V,5879
hasy-data/v2-18726.png,52,V,6567
hasy-data/v2-18727.png,52,V,6483
hasy-data/v2-18728.png,52,V,6643
hasy-data/v2-18729.png,52,V,6672
hasy-data/v2-18730.png,52,V,5879
hasy-data/v2-18731.png,52,V,1696
hasy-data/v2-18732.png,52,V,8486
hasy-data/v2-18733.png,52,V,8633
hasy-data/v2-18734.png,52,V,9283
hasy-data/v2-18735.png,52,V,9505
hasy-data/v2-18736.png,52,V,15
hasy-data/v2-18737.png,52,V,16925
hasy-data/v2-18738.png,52,V,16925
hasy-data/v2-18739.png,52,V,16925
hasy-data/v2-18740.png,52,V,10
hasy-data/v2-18741.png,52,V,10
hasy-data/v2-18742.png,52,V,10
hasy-data/v2-18743.png,52,V,10
hasy-data/v2-18744.png,52,V,59154
hasy-data/v2-18745.png,52,V,116471
hasy-data/v2-18746.png,52,V,125926
hasy-data/v2-18747.png,53,W,10
hasy-data/v2-18748.png,53,W,10
hasy-data/v2-18749.png,53,W,10
hasy-data/v2-18750.png,53,W,15
hasy-data/v2-18751.png,53,W,10
hasy-data/v2-18752.png,53,W,10
hasy-data/v2-18753.png,53,W,10
hasy-data/v2-18754.png,53,W,10
hasy-data/v2-18755.png,53,W,10
hasy-data/v2-18756.png,53,W,23
hasy-data/v2-18757.png,53,W,34
hasy-data/v2-18758.png,53,W,35
hasy-data/v2-18759.png,53,W,44
hasy-data/v2-18760.png,53,W,48
hasy-data/v2-18761.png,53,W,46
hasy-data/v2-18762.png,53,W,50
hasy-data/v2-18763.png,53,W,10
hasy-data/v2-18764.png,53,W,10
hasy-data/v2-18765.png,53,W,10
hasy-data/v2-18766.png,53,W,10
hasy-data/v2-18767.png,53,W,10
hasy-data/v2-18768.png,53,W,10
hasy-data/v2-18769.png,53,W,10
hasy-data/v2-18770.png,53,W,10
hasy-data/v2-18771.png,53,W,10
hasy-data/v2-18772.png,53,W,59
hasy-data/v2-18773.png,53,W,1710
hasy-data/v2-18774.png,53,W,3328
hasy-data/v2-18775.png,53,W,4435
hasy-data/v2-18776.png,53,W,5877
hasy-data/v2-18777.png,53,W,4142
hasy-data/v2-18778.png,53,W,6188
hasy-data/v2-18779.png,53,W,6288
hasy-data/v2-18780.png,53,W,5879
hasy-data/v2-18781.png,53,W,6567
hasy-data/v2-18782.png,53,W,6483
hasy-data/v2-18783.png,53,W,6483
hasy-data/v2-18784.png,53,W,6483
hasy-data/v2-18785.png,53,W,6662
hasy-data/v2-18786.png,53,W,6672
hasy-data/v2-18787.png,53,W,7637
hasy-data/v2-18788.png,53,W,1696
hasy-data/v2-18789.png,53,W,8082
hasy-data/v2-18790.png,53,W,8457
hasy-data/v2-18791.png,53,W,8486
hasy-data/v2-18792.png,53,W,8633
hasy-data/v2-18793.png,53,W,9017
hasy-data/v2-18794.png,53,W,15
hasy-data/v2-18795.png,53,W,9505
hasy-data/v2-18796.png,53,W,50
hasy-data/v2-18797.png,53,W,50
hasy-data/v2-18798.png,53,W,50
hasy-data/v2-18799.png,53,W,59154
hasy-data/v2-18800.png,53,W,116471
hasy-data/v2-18801.png,53,W,117378
hasy-data/v2-18802.png,53,W,125926
hasy-data/v2-18803.png,54,X,46
hasy-data/v2-18804.png,54,X,50
hasy-data/v2-18805.png,54,X,10
hasy-data/v2-18806.png,54,X,10
hasy-data/v2-18807.png,54,X,10
hasy-data/v2-18808.png,54,X,10
hasy-data/v2-18809.png,54,X,10
hasy-data/v2-18810.png,54,X,10
hasy-data/v2-18811.png,54,X,10
hasy-data/v2-18812.png,54,X,10
hasy-data/v2-18813.png,54,X,10
hasy-data/v2-18814.png,54,X,59
hasy-data/v2-18815.png,54,X,1710
hasy-data/v2-18816.png,54,X,4435
hasy-data/v2-18817.png,54,X,5877
hasy-data/v2-18818.png,54,X,5879
hasy-data/v2-18819.png,54,X,4142
hasy-data/v2-18820.png,54,X,6188
hasy-data/v2-18821.png,54,X,6288
hasy-data/v2-18822.png,54,X,6567
hasy-data/v2-18823.png,54,X,6483
hasy-data/v2-18824.png,54,X,6662
hasy-data/v2-18825.png,54,X,6672
hasy-data/v2-18826.png,54,X,8324
hasy-data/v2-18827.png,54,X,8457
hasy-data/v2-18828.png,54,X,8486
hasy-data/v2-18829.png,54,X,8633
hasy-data/v2-18830.png,54,X,8633
hasy-data/v2-18831.png,54,X,9017
hasy-data/v2-18832.png,54,X,9153
hasy-data/v2-18833.png,54,X,9283
hasy-data/v2-18834.png,54,X,9505
hasy-data/v2-18835.png,54,X,15
hasy-data/v2-18836.png,54,X,15
hasy-data/v2-18837.png,54,X,16925
hasy-data/v2-18838.png,54,X,10
hasy-data/v2-18839.png,54,X,10
hasy-data/v2-18840.png,54,X,10
hasy-data/v2-18841.png,54,X,10
hasy-data/v2-18842.png,54,X,10
hasy-data/v2-18843.png,54,X,10
hasy-data/v2-18844.png,54,X,10
hasy-data/v2-18845.png,54,X,10
hasy-data/v2-18846.png,54,X,10
hasy-data/v2-18847.png,54,X,10
hasy-data/v2-18848.png,54,X,59154
hasy-data/v2-18849.png,54,X,116471
hasy-data/v2-18850.png,54,X,125926
hasy-data/v2-18851.png,55,Y,10
hasy-data/v2-18852.png,55,Y,34
hasy-data/v2-18853.png,55,Y,48
hasy-data/v2-18854.png,55,Y,50
hasy-data/v2-18855.png,55,Y,10
hasy-data/v2-18856.png,55,Y,10
hasy-data/v2-18857.png,55,Y,10
hasy-data/v2-18858.png,55,Y,10
hasy-data/v2-18859.png,55,Y,10
hasy-data/v2-18860.png,55,Y,10
hasy-data/v2-18861.png,55,Y,10
hasy-data/v2-18862.png,55,Y,59
hasy-data/v2-18863.png,55,Y,1710
hasy-data/v2-18864.png,55,Y,4435
hasy-data/v2-18865.png,55,Y,5877
hasy-data/v2-18866.png,55,Y,10
hasy-data/v2-18867.png,55,Y,6188
hasy-data/v2-18868.png,55,Y,6288
hasy-data/v2-18869.png,55,Y,5879
hasy-data/v2-18870.png,55,Y,6567
hasy-data/v2-18871.png,55,Y,6483
hasy-data/v2-18872.png,55,Y,6483
hasy-data/v2-18873.png,55,Y,6483
hasy-data/v2-18874.png,55,Y,6662
hasy-data/v2-18875.png,55,Y,6662
hasy-data/v2-18876.png,55,Y,6672
hasy-data/v2-18877.png,55,Y,7637
hasy-data/v2-18878.png,55,Y,1696
hasy-data/v2-18879.png,55,Y,8457
hasy-data/v2-18880.png,55,Y,8466
hasy-data/v2-18881.png,55,Y,8486
hasy-data/v2-18882.png,55,Y,9283
hasy-data/v2-18883.png,55,Y,9505
hasy-data/v2-18884.png,55,Y,15
hasy-data/v2-18885.png,55,Y,15
hasy-data/v2-18886.png,55,Y,5879
hasy-data/v2-18887.png,55,Y,17292
hasy-data/v2-18888.png,55,Y,10
hasy-data/v2-18889.png,55,Y,10
hasy-data/v2-18890.png,55,Y,10
hasy-data/v2-18891.png,55,Y,10
hasy-data/v2-18892.png,55,Y,10
hasy-data/v2-18893.png,55,Y,10
hasy-data/v2-18894.png,55,Y,10
hasy-data/v2-18895.png,55,Y,10
hasy-data/v2-18896.png,55,Y,10
hasy-data/v2-18897.png,55,Y,8633
hasy-data/v2-18898.png,55,Y,59154
hasy-data/v2-18899.png,55,Y,116471
hasy-data/v2-18900.png,55,Y,125926
hasy-data/v2-18901.png,56,Z,10
hasy-data/v2-18902.png,56,Z,10
hasy-data/v2-18903.png,56,Z,10
hasy-data/v2-18904.png,56,Z,40
hasy-data/v2-18905.png,56,Z,35
hasy-data/v2-18906.png,56,Z,48
hasy-data/v2-18907.png,56,Z,46
hasy-data/v2-18908.png,56,Z,10
hasy-data/v2-18909.png,56,Z,10
hasy-data/v2-18910.png,56,Z,10
hasy-data/v2-18911.png,56,Z,10
hasy-data/v2-18912.png,56,Z,10
hasy-data/v2-18913.png,56,Z,10
hasy-data/v2-18914.png,56,Z,10
hasy-data/v2-18915.png,56,Z,10
hasy-data/v2-18916.png,56,Z,1710
hasy-data/v2-18917.png,56,Z,4435
hasy-data/v2-18918.png,56,Z,5877
hasy-data/v2-18919.png,56,Z,4142
hasy-data/v2-18920.png,56,Z,6188
hasy-data/v2-18921.png,56,Z,6288
hasy-data/v2-18922.png,56,Z,5879
hasy-data/v2-18923.png,56,Z,6567
hasy-data/v2-18924.png,56,Z,6483
hasy-data/v2-18925.png,56,Z,6662
hasy-data/v2-18926.png,56,Z,6672
hasy-data/v2-18927.png,56,Z,6899
hasy-data/v2-18928.png,56,Z,5879
hasy-data/v2-18929.png,56,Z,5879
hasy-data/v2-18930.png,56,Z,1696
hasy-data/v2-18931.png,56,Z,7841
hasy-data/v2-18932.png,56,Z,3320
hasy-data/v2-18933.png,56,Z,10
hasy-data/v2-18934.png,56,Z,6483
hasy-data/v2-18935.png,56,Z,8457
hasy-data/v2-18936.png,56,Z,8486
hasy-data/v2-18937.png,56,Z,8633
hasy-data/v2-18938.png,56,Z,8633
hasy-data/v2-18939.png,56,Z,9017
hasy-data/v2-18940.png,56,Z,9224
hasy-data/v2-18941.png,56,Z,9281
hasy-data/v2-18942.png,56,Z,9283
hasy-data/v2-18943.png,56,Z,9499
hasy-data/v2-18944.png,56,Z,9505
hasy-data/v2-18945.png,56,Z,15
hasy-data/v2-18946.png,56,Z,15
hasy-data/v2-18947.png,56,Z,15
hasy-data/v2-18948.png,56,Z,15
hasy-data/v2-18949.png,56,Z,15
hasy-data/v2-18950.png,56,Z,16925
hasy-data/v2-18951.png,56,Z,17262
hasy-data/v2-18952.png,56,Z,17262
hasy-data/v2-18953.png,56,Z,16925
hasy-data/v2-18954.png,56,Z,19912
hasy-data/v2-18955.png,56,Z,59154
hasy-data/v2-18956.png,56,Z,116471
hasy-data/v2-18957.png,56,Z,125926
